perihelion_year,perihelion_month,perihelion_day,perihelion_distance_au,eccentricity,argument_of_perihelion_degrees,longitude_of_ascending_node_degrees,inclination_degrees,magnitude_g,magnitude_k,designation,reference
2022,8,10.9869,2.017361,0.412268,181.9861,37.6936,25.5645,9.0,10.0,100P,MPEC 2013-O31
2020,1,12.6742,2.344403,0.5960770000000001,277.7047,116.2266,5.0526,10.0,12.0,101P,MPEC 2021-S45
2021,1,22.4929,2.070128,0.45714099999999996,20.5646,339.3647,25.8846,6.5,20.0,102P,MPEC 2021-S45
2023,10,12.7157,1.065768,0.693385,181.282,219.7356,13.6042,8.5,20.0,103P,MPEC 2018-HA5
2022,1,11.6504,1.073183,0.665419,227.2433,207.2224,5.701,16.0,10.0,104P,MPEC 2021-S45
2018,8,9.3544,2.048435,0.40929499999999996,46.4874,192.407,9.1696,11.5,15.0,105P,MPC109147
2021,8,18.7668,1.528632,0.593697,353.6643,48.8866,19.5374,14.0,12.0,106P,MPEC 2021-S45
2022,8,24.6756,0.9668950000000001,0.6316579999999999,95.424,266.7847,2.7989,9.0,10.0,107P,MPEC 2015-M77
2021,9,10.153,1.660316,0.55583,354.4159,50.2933,11.4394,8.0,30.0,108P,MPEC 2021-S45
1992,12,4.6898,0.9735729999999999,0.962774,152.9331,139.0392,113.9872,4.0,15.0,109P,105
2021,3,24.2557,1.412461,0.5385300000000001,195.4957,117.8082,12.0394,5.0,25.0,10P,MPEC 2021-S45
2021,10,18.3017,2.455724,0.318242,167.4449,287.5353,11.7069,1.0,30.0,110P,MPEC 2021-S45
2021,6,15.5232,3.7076089999999997,0.106171,0.975,89.7661,4.2267,5.0,20.0,111P,MPC 75718
2020,2,8.0422,1.44537,0.590004,21.4758,31.8332,24.1999,14.0,15.0,112P,MPEC 2021-S45
2022,6,1.2409,2.141979,0.42030100000000004,115.44,306.6923,5.2911,13.5,10.0,113P,MPEC 2021-S45
2020,1,14.0421,1.57802,0.554825,172.7611,271.0459,18.2748,11.5,15.0,114P,MPEC 2021-S45
2020,7,29.5901,2.056928,0.518515,120.9807,176.0093,11.6775,10.5,15.0,115P,MPEC 2020-SI8
2022,7,17.0212,2.196754,0.370593,173.3244,20.9831,3.6035,2.5,25.0,116P,MPEC 2021-S45
2022,7,7.5482,3.039838,0.255625,222.895,58.8412,8.7033,2.5,20.0,117P,MPEC 2021-S45
2022,11,23.8392,1.830466,0.454387,314.6186,142.1215,10.0957,12.0,10.0,118P,MPEC 2021-S45
2022,8,11.5389,2.328008,0.38913000000000003,321.8988,104.613,7.3947,3.5,20.0,119P,MPEC 2021-S45
2020,11,26.2462,1.388611,0.5771,167.9553,238.9052,14.4207,9.0,10.0,11P,MPEC 2017-L52
2021,5,7.1982,2.477923,0.374591,36.5752,358.6728,8.4899,12.0,10.0,120P,MPEC 2020-SI8
2023,6,27.4499,3.7326059999999996,0.185797,11.429,94.1223,20.1633,6.5,20.0,121P,MPEC 2020-SI8
1995,9,9.3819,0.66527,0.962254,13.002,79.5756,85.0454,7.5,13.0,122P,MPC 75718
2019,2,4.151,2.146648,0.446198,103.9893,46.0709,15.2861,12.2,10.0,123P,MPEC 2021-F20
2020,4,27.111,1.6509909999999999,0.503309,184.1328,0.2713,31.5533,15.2,10.0,124P,MPEC 2021-F20
2024,3,7.2379,1.524061,0.512501,87.2391,153.1459,9.9866,9.0,10.0,125P,MPEC 2015-M77
2023,7,5.3012,1.71218,0.696353,356.5397,357.8688,45.8741,9.0,10.0,126P,MPC 66205
2022,8,10.8758,2.2099450000000003,0.359994,6.417,13.6246,14.2965,11.0,15.0,127P,MPC 84321
2017,1,9.4095,3.049753,0.320972,210.2792,214.3031,4.3683,8.5,10.0,128P,MPC 89014
2022,12,2.0537,3.9239370000000005,0.084159,307.69,184.8756,3.4422,11.0,10.0,129P,MPEC 2019-TG9
2024,4,20.7133,0.7818390000000001,0.9544,198.9946,255.7755,74.1359,5.0,15.0,12P,27
2024,4,14.3886,1.822516,0.46137700000000004,246.0346,70.2152,6.0625,10.0,15.0,130P,MPC 78188
2019,1,24.5346,2.413766,0.344121,179.0243,214.1518,7.3568,11.0,10.0,131P,MPC102101
2021,11,13.1071,1.6917740000000001,0.564695,216.3458,173.9967,5.3827,11.0,15.0,132P,MPEC 2021-S45
2024,5,9.5623,2.668653,0.156826,131.867,160.1028,1.3893,15.4,5.0,133P,MPC 94676
2014,5,17.8003,2.593854,0.585742,18.8886,202.067,4.3381,11.5,10.0,134P,MPC 89012
2022,4,7.3162,2.680082,0.295135,22.3161,213.0252,6.0625,7.0,20.0,135P,MPEC 2021-F20
2025,1,2.1931,2.9641669999999998,0.292987,224.9314,137.4489,9.4244,11.0,10.0,136P,MPEC 2020-W26
2018,12,13.9375,1.927375,0.57365,141.0529,233.0137,4.8544,11.0,10.0,137P,MPEC 2021-N06
2019,5,3.0218,1.6996360000000001,0.530708,95.5376,309.3271,10.0907,15.0,15.0,138P,MPEC 2016-U66
2017,12,9.8577,3.4046309999999997,0.247036,165.7112,242.163,2.3344,9.5,10.0,139P,MPEC 2020-HN5
2024,7,1.3263,1.174901,0.929768,64.4344,85.9162,44.621,5.0,15.0,13P,27
2015,8,4.7558,1.9811509999999999,0.691747,172.8469,343.2622,3.8367,11.5,15.0,140P,MPEC 2015-E14
2020,12,16.3005,0.807758,0.735797,153.5538,241.8366,13.9456,14.7,10.0,141P,MPEC 2021-AJ0
2021,5,12.6117,2.5129639999999998,0.497379,173.9522,175.9323,12.251,8.5,15.0,142P,MPEC 2021-S45
2018,5,5.103,2.5216119999999997,0.41095699999999996,320.3686,245.197,4.6992,13.5,5.0,143P,MPEC 2021-S45
2024,1,25.659,1.391942,0.635761,216.3077,243.1922,3.9359,8.5,20.0,144P,MPC104795
2017,9,1.6576,1.8965580000000002,0.541667,10.2394,26.7893,11.2751,13.5,10.0,145P,MPC108598
2024,8,5.4802,1.4224729999999999,0.64718,316.9605,53.3903,23.1015,15.0,10.0,146P,MPC100284
2023,12,8.2179,3.106389,0.22582800000000003,349.1347,92.7776,2.3239,14.0,10.0,147P,MPC 75720
2022,6,13.61,1.629177,0.5499350000000001,7.9772,89.2185,3.6579,16.0,5.0,148P,MPEC 2021-S45
2018,9,1.7728,2.7732490000000003,0.328773,31.9974,144.4153,35.4409,8.0,20.0,149P,MPC 75720
2017,12,3.0323,2.737962,0.357059,159.0241,202.0502,27.9158,5.5,30.0,14P,MPEC 2021-F20
2024,3,13.4278,1.755897,0.547371,245.5779,272.3536,18.5056,13.5,10.0,150P,MPC 75720
2015,10,11.3185,2.4571389999999997,0.573653,216.0551,143.1586,4.7288,10.0,15.0,151P,MPEC 2015-Q71
2022,1,13.6246,3.094953,0.308712,163.9311,91.8593,9.8802,12.6,10.0,152P,MPEC 2021-F20
2002,3,4.8518,0.524489,0.9896299999999999,35.0364,93.2021,27.8698,9.0,10.0,153P,MPC 46101
2024,6,13.8971,1.556869,0.6758109999999999,47.843,343.0413,17.6332,2.5,30.0,154P,MPC 87068
2019,11,14.8714,1.800525,0.726193,14.6077,97.1894,6.3968,13.8,10.0,155P,MPEC 2021-F20
2020,11,17.9029,1.332912,0.614896,0.4428,35.3585,17.263,15.5,5.0,156P,MPEC 2021-O56
2022,9,9.6126,1.571627,0.557295,154.9365,287.6296,12.4367,10.0,10.0,157P,MPEC 2021-S45
2021,5,20.3977,4.799168,0.048083999999999995,173.0286,135.5178,8.0004,9.0,10.0,158P,MPEC 2021-S45
2018,5,22.055,3.618115,0.381893,4.56,54.9725,23.4685,10.0,10.0,159P,MPEC 2021-N06
2021,7,13.4742,0.991999,0.717028,347.8253,13.7133,6.7976,12.0,10.0,15P,MPEC 2021-S45
2019,12,2.4794,1.788024,0.526332,12.7207,333.3586,15.6174,15.5,5.0,160P,MPEC 2021-J28
2026,11,28.7916,1.275245,0.8348899999999999,46.9627,1.561,95.7922,8.5,15.0,161P,MPC 75721
2020,12,7.8453,1.289115,0.58299,357.1503,30.9023,27.5554,12.0,10.0,162P,MPEC 2021-S45
2019,8,5.0201,2.064567,0.451934,349.593,102.0828,12.7092,14.5,10.0,163P,MPEC 2021-S45
2018,5,31.5294,1.68103,0.540234,325.8333,88.2851,16.2579,11.0,10.0,164P,MPEC 2021-F20
2000,5,13.7174,6.879174000000001,0.615096,125.9699,0.8536,15.8952,11.5,5.0,165P,MPC 75721
2002,5,19.2384,8.514173,0.383793,321.4728,64.4263,15.3719,5.5,10.0,166P,MPC 75722
2001,5,12.3283,11.813982000000001,0.271754,344.5919,295.6704,19.1181,9.5,5.0,167P,MPC 75722
2019,8,5.449,1.35761,0.621021,15.0002,355.4519,21.6231,15.5,10.0,168P,MPC102101
2022,7,9.6988,0.602874,0.768246,218.0478,176.1081,11.2989,16.0,5.0,169P,MPEC 2021-N06
2021,4,18.2684,1.878206,0.486279,245.189,138.8646,3.0116,7.5,25.0,16P,MPEC 2021-S45
2023,4,21.1656,2.9232009999999997,0.303874,225.6315,142.9226,10.125,12.0,10.0,170P,MPEC 2021-O56
2019,1,13.238,1.771714,0.501637,347.0681,101.6935,21.9355,13.5,10.0,171P,MPC102102
2025,11,4.6065,3.3488339999999996,0.205254,209.4084,30.8879,11.2273,13.0,10.0,172P,MPEC 2021-BE3
2021,12,16.8368,4.217036,0.260893,29.1943,100.4019,16.4937,7.5,10.0,173P,MPEC 2021-S45
2015,4,25.6587,5.818157,0.457446,163.1508,173.2092,4.3435,9.4,5.0,174P,MPC 92985
2019,10,8.3321,1.9580279999999999,0.435583,58.0547,123.1927,5.9898,14.0,10.0,175P,MPC114608
2022,11,23.021,2.578118,0.193109,34.861,345.9452,0.2347,15.1,5.0,176P,MPC 89015
2006,9,3.911,1.091451,0.955334,60.2957,272.196,31.2533,15.0,10.0,177P,MPEC 2020-L06
2020,7,16.6826,1.8809580000000001,0.48213199999999995,297.7936,102.8699,11.0883,14.6,10.0,178P,MPEC 2021-F20
2022,5,29.7454,4.118118,0.306014,296.8393,115.5172,19.8979,2.5,20.0,179P,MPC 75723
2021,2,19.8449,2.080818,0.427633,24.479,326.62,19.0322,10.0,15.0,17P,MPEC 2021-S45
2023,7,12.6171,2.499762,0.353017,94.7745,84.5698,16.865,11.0,10.0,180P,MPC100284
2022,1,8.7528,1.159813,0.7006399999999999,336.232,35.4068,17.4855,11.5,10.0,181P,MPC 89012
2022,5,12.2405,0.9940479999999999,0.663189,54.206,72.469,16.2251,18.0,10.0,182P,MPEC 2014-J10
2017,12,4.0119,3.94619,0.133463,167.1761,4.3144,18.8578,12.5,5.0,183P,MPEC 2021-S45
2020,10,26.2433,1.7035580000000001,0.551037,186.4717,173.2479,4.5733,13.5,10.0,184P,MPEC 2020-W26
2023,7,13.0366,0.931525,0.699383,181.8739,214.102,14.0094,15.0,10.0,185P,MPC109593
2019,2,11.5802,4.309677,0.1217,274.3785,326.632,28.8557,7.5,10.0,186P,MPEC 2021-S45
2018,5,14.514,3.8741440000000003,0.152041,131.771,109.9147,13.6342,9.0,10.0,187P,MPEC 2020-SI8
2026,4,12.9799,2.553648,0.416101,26.5638,358.9648,10.5256,11.5,10.0,188P,MPC106349
2022,8,28.8163,1.211641,0.5887479999999999,16.3035,281.7267,20.0689,19.0,10.0,189P,MPC106349
2024,12,24.3106,2.025154,0.521628,50.2878,335.578,2.1743,13.0,10.0,190P,MPEC 2020-K19
2021,3,20.1616,2.232259,0.385856,284.0241,98.2328,8.8426,13.0,10.0,191P,MPEC 2021-S45
2024,5,24.3779,1.467706,0.773331,312.9836,51.6167,24.5652,15.0,10.0,192P,MPC 75724
2021,8,25.2591,2.168037,0.39419,8.0982,335.1743,10.6885,14.0,10.0,193P,MPEC 2021-S45
2024,1,30.8763,1.665989,0.583743,131.463,350.0378,11.7303,16.0,10.0,194P,MPC 98566
2025,7,27.9394,4.465498999999999,0.31346599999999997,249.2785,243.1238,36.3329,8.5,10.0,195P,MPEC 2021-S45
2022,10,29.74,2.1733740000000004,0.42858900000000005,12.1789,24.1516,19.2924,13.5,10.0,196P,MPC 92985
2022,12,7.6859,1.062475,0.629514,188.7511,66.378,25.5316,16.5,5.0,197P,MPC 94676
2018,12,13.8578,2.002278,0.44354499999999997,69.1794,358.2541,1.3387,9.0,10.0,198P,NK   1596
1997,3,29.7473,0.896546,0.9949610000000001,130.4636,283.1176,89.1047,-2.0,10.0,1995 O1,MPC106342
2019,2,12.0257,2.588324,0.31432899999999997,333.3348,40.0161,2.6006,11.5,10.0,1996 R2,NK   1615
2022,3,28.7331,2.056111,0.760314,183.3276,328.8813,12.3395,15.0,5.0,1997 B1,MPC 30063
2018,1,18.4113,3.429667,0.24249099999999998,244.6064,159.0376,5.0264,13.0,5.0,1998 VS24,MPC 75703
2019,6,26.3772,1.1228049999999998,0.672331,231.2646,137.8859,7.5673,20.0,5.0,1999 RO28,NK    731
2025,12,24.6378,3.300518,0.21021900000000002,161.7921,285.2966,5.0296,13.5,5.0,1999 XN120,MPC 75704
2023,8,7.9989,2.910835,0.505945,191.6963,92.3742,24.9319,10.0,10.0,199P,MPC 75725
2022,2,1.8174,1.306325,0.637705,351.9075,74.2497,29.304,12.6,10.0,19P,MPEC 2021-S45
2017,9,9.4886,0.25524,1.199252,241.6845,24.5997,122.6778,23.0,5.0,1I,MPC107687
1986,2,8.5098,0.60388,0.9662120000000001,111.7492,58.8166,162.2428,4.0,15.0,1P,98
2019,6,17.6077,1.623823,0.531619,176.5519,160.2859,11.687,18.0,10.0,2000 R2,NK    744
2015,10,17.4265,2.4493099999999997,0.59831,224.8317,328.6826,8.3667,12.0,10.0,2001 H5,MPC 43019
2024,2,28.6819,1.407562,0.8230540000000001,42.9277,22.1675,56.9102,13.5,10.0,2001 Q6,MPC 75704
2018,6,17.775,2.637222,0.592324,167.3434,330.3258,4.9762,12.5,10.0,2002 EJ57,MPC 47727
2024,7,21.7217,3.37689,0.561013,219.6634,206.2108,10.8398,10.5,10.0,2002 T6,MPC109588
2006,1,27.4298,6.826516000000001,0.963051,100.0972,35.0766,70.6304,9.5,5.0,2002 VQ94,MPC 75007
2019,11,12.7081,2.976805,0.542137,192.1644,359.0205,11.607,16.5,5.0,2003 F2,MPC 50354
2025,8,5.6029,4.229439,0.472954,37.5368,264.5571,11.3904,8.5,10.0,2003 QX29,MPC 50139
2020,5,6.9401,0.595146,0.769845,219.7498,174.5798,11.0207,17.0,10.0,2003 T12,MPC105235
2027,1,20.7123,5.499680000000001,0.30937600000000004,21.2435,124.8493,10.5517,6.5,10.0,2004 A1,MPC 82312
2024,6,4.4799,4.072855000000001,0.4411,40.639,147.3715,14.5325,13.5,5.0,2004 DO29,MPC 54558
2026,5,31.7052,4.079784,0.168094,242.3492,326.7631,2.1348,12.5,5.0,2004 FY140,MPC 54823
2021,9,22.8091,3.547268,0.25858000000000003,37.926,305.4302,12.7933,14.5,10.0,2004 R3,MPC 53304
2023,11,22.3774,3.9526220000000003,0.44628999999999996,322.3833,356.1272,50.4426,11.5,10.0,2004 V3,MPC 55521
2027,8,17.6263,4.43999,0.44373199999999996,87.665,47.7885,19.3407,8.0,10.0,2004 V5,MPC 75705
2023,9,29.3233,4.400327,0.375159,194.0192,335.5672,4.2638,10.0,10.0,2005 E1,MPC 54164
2019,9,27.5468,2.81003,0.517217,284.6313,314.693,1.188,11.5,10.0,2005 GF8,MPC 54823
2018,10,12.3402,1.537353,0.5694640000000001,338.9607,268.8164,31.7568,16.5,10.0,2005 J1,MPC 79019
2021,11,2.7916,3.142607,0.20977800000000002,149.7383,138.2481,7.7385,9.5,10.0,2005 L1,MPC 74246
2029,1,15.6449,6.428649,0.197721,229.193,161.2154,3.1357,7.5,10.0,2005 S2,MPC 75706
2026,1,17.5968,3.824985,0.46390699999999996,83.3326,1.1694,24.0932,12.0,5.0,2005 SB216,MPC 75706
2020,4,8.4529,2.245487,0.416343,58.8593,260.1606,8.2912,14.5,10.0,2005 T2,MPC 55717
2026,8,17.1373,6.259739,0.174672,6.746,27.7065,6.2236,9.0,10.0,2005 T3,MPC 73461
2034,5,24.2042,0.65798,0.9297120000000001,41.7076,25.8018,160.2288,15.0,10.0,2005 T4,MPC 73461
2025,6,14.1572,3.261564,0.552463,304.5943,57.0003,21.3656,11.0,10.0,2005 T5,MPC 75706
2020,10,18.9865,3.377311,0.469826,193.8475,94.345,19.0489,9.0,10.0,2005 Y2,MPC 75706
2019,8,2.4519,2.320607,0.340625,30.8582,183.8234,12.4334,15.0,10.0,2006 F4,MPC 56954
2028,10,10.8801,1.230297,0.842491,117.2997,309.8938,31.8334,11.0,10.0,2006 HR30,MPC 75707
2022,11,29.1573,2.798633,0.557897,186.7198,300.9084,26.4877,13.5,10.0,2007 A2,MPC 75707
2026,3,25.2749,3.697724,0.47122299999999995,180.0853,275.4554,8.6265,10.0,10.0,2007 C2,MPC 75707
2007,6,7.7863,8.815081,0.9934219999999999,339.9625,171.2237,41.5017,3.5,10.0,2007 D1,MPC 84315
2026,12,31.3602,2.30401,0.682983,347.4182,188.6393,7.6301,14.0,10.0,2007 K2,MPC 82314
2020,11,26.9853,1.86495,0.670127,162.7919,172.1575,10.2026,16.0,10.0,2007 Q2,MPC 60925
2021,12,8.7004,1.957585,0.670157,282.5862,87.1987,20.2097,14.5,10.0,2007 R4,MPC 75708
2022,10,7.8119,2.5219419999999997,0.339658,245.4896,141.37,5.9641,13.0,10.0,2007 S1,MPC 73462
2023,11,17.5493,0.653463,0.785514,359.643,3.3757,9.7507,18.5,10.0,2007 T2,MPC 61994
2023,5,11.0657,2.33108,0.613296,141.2355,218.0119,25.8653,12.5,10.0,2008 L2,MPC 75709
2031,12,19.6927,2.500848,0.695751,341.1142,47.5793,32.2887,13.0,10.0,2008 O3,MPC 64114
2021,8,26.7964,1.8487220000000002,0.46979499999999996,341.9376,56.4458,7.1118,13.5,10.0,2008 WZ96,MPC 66204
2031,10,19.5222,4.462803,0.44544399999999995,238.1623,262.814,38.7698,8.5,10.0,2008 Y3,MPC 75710
2026,7,1.8794,2.458948,0.635034,128.874,297.0872,22.2224,13.0,10.0,2009 B1,MPC 75710
2009,4,16.5168,1.138081,0.997447,175.448,120.4588,108.6996,9.0,10.0,2009 G1,MPC 66466
2031,1,17.9978,2.424745,0.687868,154.4417,183.6946,16.28,12.5,10.0,2009 O3,MPC 75710
2029,12,15.1447,2.90444,0.609323,209.0409,160.2798,40.9885,10.0,10.0,2009 Q5,MPC 68902
2031,6,13.5674,1.809969,0.765617,216.362,215.8431,27.5764,14.0,10.0,2009 T2,MPC112389
2020,11,16.3249,0.80083,0.7401399999999999,118.1412,31.6513,9.5937,19.0,5.0,2009 WX51,MPC105235
2026,12,3.6454,2.383028,0.636195,172.1361,262.0281,29.9396,13.0,10.0,2009 Y2,MPC 74247
2019,7,29.3533,3.298089,0.33265100000000003,134.126,234.7826,12.0995,9.0,10.0,200P,MPEC 2021-F20
2025,3,12.5071,1.6201530000000002,0.733536,42.1723,63.7998,14.8293,14.0,10.0,2010 A3,MPC 75711
2028,10,16.449,5.263798,0.259033,3.602,141.8859,9.1281,9.5,10.0,2010 C1,MPC 75008
2027,7,11.6985,3.687533,0.4511,120.0073,319.8905,57.0863,16.0,10.0,2010 D2,MPC 75008
2010,3,30.1291,2.421852,0.719684,8.3512,177.8221,15.3907,14.0,10.0,2010 E2,MPC 75009
2025,3,11.5768,3.081983,0.19598800000000002,128.0785,64.1938,14.2751,6.0,10.0,2010 H2,MPC 72851
2021,2,7.9507,0.044464,0.985361,26.1576,77.0879,23.0681,20.0,5.0,2010 H3,MPC 70361
2027,5,22.1906,4.834326,0.26683,179.499,44.7348,2.3181,10.5,10.0,2010 H4,MPC 73463
2029,6,4.1471,6.068912,0.152916,175.0939,24.8014,14.0608,13.0,5.0,2010 H5,MPC 74637
2010,8,29.0641,2.453832,0.726589,157.6012,106.4277,13.2822,11.0,10.0,2010 J3,MPC 98558
2011,4,20.8924,1.8060490000000002,0.777265,12.4246,30.8542,38.7738,9.0,10.0,2010 JC81,MPC 84315
2024,3,21.0657,3.7564949999999997,0.32176,353.1961,58.7916,7.8916,11.5,10.0,2010 T2,MPC 74248
2022,11,21.7235,5.50933,0.055255,266.962,43.2919,2.4789,9.0,10.0,2010 TO20,MPC 98558
2026,9,4.8027,4.889411,0.24868099999999999,86.0242,280.7017,8.2159,9.5,10.0,2010 U1,MPC 82316
2019,2,25.2798,8.444177,0.9964290000000001,88.0461,43.0127,55.5348,1.0,10.0,2010 U3,MPEC 2021-R75
2028,6,6.1633,2.905188,0.5633670000000001,225.1624,232.9325,8.0402,11.0,10.0,2010 UH55,MPC 79021
2024,7,21.8067,1.785568,0.69011,40.9642,11.3298,11.4015,14.5,5.0,2010 WK,MPC 75009
2011,12,27.3672,5.420365,0.268865,160.818,12.1241,10.8851,9.0,10.0,2011 C2,MPC 84021
2029,2,13.6187,3.769314,0.450545,350.0567,190.9505,15.9786,14.0,5.0,2011 FR143,MPC 79866
2012,1,22.3342,5.024826999999999,0.317211,111.0697,153.5797,19.1477,9.0,10.0,2011 JB15,MPC 82317
2027,12,31.9243,2.847164,0.544305,330.3411,77.5895,35.7342,11.5,10.0,2011 N1,MPC 87913
2024,1,16.1369,1.24574,0.774578,263.7707,295.8073,15.2474,15.0,10.0,2011 NO1,MPC 75714
2030,12,15.8109,5.018456,0.327676,348.9692,4.2368,5.6607,9.0,10.0,2011 P1,MPC 82318
2022,8,19.4122,2.322363,0.5328069999999999,310.9927,32.0278,6.0575,13.5,10.0,2011 Q3,MPC 77806
2014,8,11.4644,6.860130000000001,0.200818,192.4207,218.8655,2.6853,8.0,10.0,2011 S1,MPC 98558
2025,2,17.68,2.078043,0.629416,32.4143,40.4041,10.4408,17.5,10.0,2011 UA134,MPC 79022
2018,10,2.3448,1.7331009999999998,0.5505329999999999,269.3155,46.8169,7.3753,15.5,10.0,2011 V1,MPC 77406
2022,2,7.6865,3.322036,0.287438,282.7431,161.7874,3.7185,11.5,10.0,2011 W1,MPC 82718
2027,10,4.9038,1.811926,0.709607,131.9109,309.3615,6.3723,15.0,10.0,2011 Y2,MPC 79342
2013,7,16.3105,3.858425,0.409143,162.5184,36.2134,7.6117,9.0,10.0,2012 B1,MPC 94669
2011,10,6.7469,3.605925,0.630111,344.9542,135.3677,9.092,13.0,10.0,2012 C3,MPC 78590
2029,3,18.3658,2.899492,0.5420510000000001,33.308,227.0243,14.7126,12.0,10.0,2012 F2,MPC 84931
2012,6,1.4325,2.584166,0.380722,286.1149,282.544,11.6925,15.0,10.0,2012 G1,MPC 79344
2019,8,17.4992,2.091564,0.423234,172.2078,125.8102,13.1943,15.0,10.0,2012 K3,MPC 80898
2012,6,14.0243,1.294,0.847092,338.359,315.5471,84.6593,14.5,10.0,2012 NJ,MPC 88326
2019,3,2.6838,1.4355200000000001,0.594588,238.2574,91.9695,7.4305,17.5,10.0,2012 O1,MPC 81470
2019,5,6.1506,1.694062,0.532611,183.4474,120.6814,24.4839,17.0,10.0,2012 O2,MPC 80899
2022,5,29.7662,1.614069,0.647,344.7463,336.4148,16.616,16.5,10.0,2012 O3,MPC 82720
2027,1,14.5665,4.807305,0.16156900000000002,310.4919,73.7194,12.5605,10.0,10.0,2012 T2,MPC 82320
2027,8,6.6658,2.354545,0.617225,195.4896,114.4004,9.566,15.0,10.0,2012 T3,MPC 80900
2021,10,25.6774,2.995431,0.27418400000000004,128.0254,288.965,6.34,13.0,10.0,2012 TK8,MPEC 2021-T44
2012,11,10.1117,3.5776470000000002,0.49876800000000004,228.2521,185.3056,10.7562,12.5,10.0,2012 U2,MPC 82720
2024,10,21.6757,1.8196259999999997,0.6477970000000001,0.8021,49.1851,39.3505,13.5,10.0,2012 US27,MPC 84024
2023,7,4.122,3.0847439999999997,0.346177,355.2738,93.9075,6.0814,13.5,10.0,2012 WA34,MPC 82721
2029,6,29.3543,2.037814,0.686341,27.0765,145.9865,144.8478,16.0,10.0,2013 AL76,MPC 82721
2013,12,12.7779,3.3597550000000003,0.5124810000000001,51.4756,221.3668,5.463,11.0,10.0,2013 G1,MPC 91612
2022,6,19.4462,2.622073,0.409458,214.6702,339.6379,5.9165,15.0,10.0,2013 G4,MPC 84025
2029,3,8.2926,2.130138,0.657683,37.7771,289.407,15.5279,13.0,10.0,2013 J2,MPC 91613
2014,2,16.861,3.005963,0.593337,323.9137,17.4655,2.1739,13.0,10.0,2013 N3,MPC 86229
2013,7,4.3152,1.8198349999999999,0.7322960000000001,176.9046,187.1578,23.4465,17.0,10.0,2013 N5,MPC 85834
2013,3,2.1151,3.380718,0.605701,138.1865,160.5912,18.725,12.0,10.0,2013 P1,MPC 85834
2024,3,19.9971,2.198066,0.27536900000000003,11.1884,341.9997,0.8652,14.0,10.0,2013 R3,MPC 94671
2024,3,19.7392,2.198055,0.275339,11.2274,341.9665,0.8646,9.0,10.0,2013 R3-A,unp
2024,3,20.1356,2.198076,0.275384,11.1623,342.0224,0.8659,9.0,10.0,2013 R3-B,MPEC 2015-M77
2027,10,10.4588,2.202675,0.624079,346.1129,10.0813,24.2936,16.5,10.0,2013 T1,MPC 85835
2019,11,30.734,1.74088,0.501261,345.5285,0.803,9.4571,16.0,10.0,2013 T2,MPC 86643
2020,9,10.2606,1.4211260000000001,0.592724,1.2693,117.847,4.6955,17.5,10.0,2013 W1,MPC 91613
2023,1,6.1757,1.7856040000000002,0.45486499999999996,242.5557,48.844,7.8563,10.0,10.0,2013 YG46,MPC101095
2028,3,17.8908,2.10255,0.645279,356.1842,106.6297,24.5353,15.0,10.0,2014 A2,MPC 89728
2023,4,19.672,3.4762199999999996,0.24743600000000002,213.6235,230.023,13.698,12.0,10.0,2014 A3,MPC 92981
2017,9,7.3976,9.549362,0.998033,345.7034,161.4221,28.4113,4.0,10.0,2014 B1,MPEC 2021-R75
2019,4,13.812,1.6741549999999998,0.448804,23.9332,167.7732,2.6899,15.5,10.0,2014 C1,MPC102095
2021,5,21.3199,5.690323,0.6257689999999999,3.7655,326.7329,6.5931,6.0,10.0,2014 F3,MPC 94280
2014,7,20.5031,2.2171990000000004,0.6482760000000001,182.6739,149.3473,5.1998,12.0,10.0,2014 L2,MPC 98560
2014,7,1.7322,1.85031,0.77358,178.6733,115.4753,6.2758,16.0,10.0,2014 L3,MPC 90769
2014,12,25.9592,2.380385,0.5946319999999999,147.9645,263.2389,3.3378,15.0,10.0,2014 M4,MPC 91614
2024,9,7.3565,3.7121160000000004,0.259384,299.1023,311.7345,9.3708,9.5,10.0,2014 MG4,MPC103844
2014,4,20.8666,4.649163,0.385712,204.6835,87.6447,7.8035,10.5,10.0,2014 O3,MPC 98560
2016,12,13.0341,6.250255999999999,1.0032219999999998,65.8967,240.429,81.2852,11.0,5.0,2014 OE4,MPEC 2021-P47
2021,11,28.2639,9.969489,0.185087,254.052,145.7928,9.0327,6.0,10.0,2014 OG392,MPEC 2021-S45
2022,8,18.994,2.377938,0.41378400000000004,213.7419,126.561,1.0883,15.0,10.0,2014 R5,MPC 91615
2021,2,13.5374,1.876253,0.464912,347.7561,11.8886,6.4291,18.0,10.0,2014 U4,MPC 91616
2031,1,26.4584,10.934874,0.998813,326.3635,189.9183,95.4401,2.5,8.0,2014 UN271,MPEC 2021-S45
2027,11,24.0461,2.551269,0.534469,177.5988,166.2001,22.5258,14.0,10.0,2014 V1,MPC 95211
2023,12,19.7499,2.727474,0.388884,152.193,246.2445,8.8376,15.5,10.0,2014 W1,MPC 93586
2015,12,29.4854,4.271376999999999,0.352333,67.7325,33.368,15.2776,11.0,10.0,2014 W4,MPC105542
2014,12,31.2314,1.807938,0.708773,33.9283,61.5235,26.0189,15.0,10.0,2014 X1,MPC 94281
2015,2,17.1842,1.164463,0.8509049999999999,249.308,277.2154,172.5329,20.0,10.0,2015 A3,MPC 92275
2015,9,13.3892,6.007109,0.367481,188.8954,352.9776,18.038,8.5,10.0,2015 B1,MPC 99270
2015,2,2.895,3.7511339999999995,0.5600689999999999,227.4061,266.0296,1.7605,11.0,10.0,2015 B4,MPC109141
2015,4,25.492,2.893691,0.5603020000000001,178.2444,348.8086,13.8995,12.5,10.0,2015 C1,MPC101096
2014,3,30.8743,4.580758,0.48899899999999996,39.8,74.0613,20.5107,9.0,10.0,2015 D5,MPC109141
2015,6,30.4869,4.560312000000001,0.36146100000000003,125.1298,45.9555,20.2012,10.5,10.0,2015 D6,MPC 96866
2017,5,10.488,1.047201,0.9993639999999999,68.5091,235.1296,6.3304,13.5,5.0,2015 E61-B,MPEC 2018-BF5
2017,5,10.5102,1.045477,0.9979979999999999,68.4197,235.0945,6.3288,11.0,5.0,2015 ER61,MPEC 2021-P47
2024,10,23.9242,3.077881,0.352244,47.634,58.3575,18.7751,12.5,10.0,2015 HG16,MPEC 2021-P47
2015,6,4.1576,3.006209,0.552866,106.3603,134.1767,39.9449,13.5,10.0,2015 K5,MPC 95213
2015,9,11.9611,5.926162000000001,0.180803,225.673,86.5858,3.9717,8.5,10.0,2015 M2,MPC107684
2018,2,19.9282,3.7271919999999996,1.001525,89.6178,299.849,127.2174,6.5,10.0,2015 O1,MPEC 2021-P47
2016,1,21.0535,2.5089669999999997,0.5851569999999999,280.5795,104.7412,8.7174,14.0,10.0,2015 P4,MPC 99819
2015,8,16.9697,4.827454,0.32816999999999996,352.5346,342.6323,2.0263,11.5,5.0,2015 PD229,MPC102952
2015,9,5.8139,1.833335,0.7505890000000001,244.5506,228.4607,146.5168,15.5,10.0,2015 Q2,MPC 96867
2015,6,29.2643,2.1499770000000002,0.63436,300.4824,48.3875,22.6855,14.0,10.0,2015 R1,MPC 98562
2024,12,14.8913,2.454748,0.452956,149.7991,168.5969,15.4842,14.5,10.0,2015 R2,MPC 95734
2017,5,18.1509,6.9375350000000005,0.9960399999999999,30.6555,51.0027,124.5582,8.0,10.0,2015 T2,MPC117068
2014,12,21.7056,2.127698,0.508181,178.633,120.5019,13.0937,14.0,10.0,2015 T3,MPC 96280
2025,11,24.0983,2.921488,0.358574,89.1125,321.6506,6.4995,14.0,10.0,2015 TO19,MPC102953
2016,10,27.2237,3.378747,0.535287,82.5284,7.012,8.7796,11.0,10.0,2015 TP200,MPC110080
2017,12,16.5525,4.272748,0.9979129999999999,179.6282,197.1641,139.2261,6.5,10.0,2015 V1,MPC115881
2017,6,11.4966,1.6467180000000001,1.001815,164.9981,69.9484,49.8308,5.0,10.0,2015 V2,MPC112390
2017,8,27.8715,2.721733,1.001468,128.8859,95.1372,165.8196,8.0,10.0,2015 VL62,MPC115881
2015,10,1.6505,2.66625,0.634416,117.4847,294.2303,11.6073,13.0,10.0,2015 W2,MPC101098
2022,9,6.9919,2.1108599999999997,0.419175,218.8701,161.7622,12.1519,16.0,10.0,2015 X1,MPEC 2021-N06
2026,10,23.3385,2.8071450000000002,0.43941199999999997,306.681,77.2939,24.3937,15.0,10.0,2015 X3,MPC 97498
2017,12,28.4662,6.7950479999999995,1.000735,27.6023,122.34,124.3092,7.5,10.0,2015 X5,MPC119995
2020,10,17.0405,2.2778,0.17272300000000002,329.8331,106.9449,4.5645,16.0,10.0,2015 X6,MPC115881
2018,4,26.7503,7.9225389999999996,1.001509,196.1791,281.6086,148.8529,5.5,10.0,2015 XY1,MPEC 2021-P47
2017,11,21.861,5.3194040000000005,1.000442,10.1747,128.2035,121.2058,6.0,10.0,2016 A1,MPEC 2021-P47
2025,10,24.6477,3.466853,0.270546,141.3802,291.6175,26.4036,11.5,10.0,2016 A2,MPC100282
2017,4,27.9671,4.839171,0.386442,341.015,187.2426,8.5101,10.0,10.0,2016 A3,MPC115881
2016,2,22.8174,2.1912,0.564669,352.6027,221.4957,16.6099,16.0,10.0,2016 A7,MPC102098
2016,12,4.0981,3.2189240000000003,0.9925280000000001,8.6823,232.0453,50.4273,9.5,10.0,2016 B1,MPC107048
2021,6,17.3205,1.012838,0.665154,351.8878,180.5267,18.8938,21.0,10.0,2016 BA14,MPC109143
2017,6,4.3195,8.176807,1.00645,47.4754,233.1077,131.8778,6.5,10.0,2016 E1,MPC110494
2021,3,21.9627,2.037512,0.211096,111.1428,204.0221,10.9709,14.0,10.0,2016 G1,MPEC 2021-P47
2022,2,20.657,2.449693,0.22786700000000001,46.9766,199.8106,14.3282,16.5,10.0,2016 J1-A,MPEC 2017-D91
2022,2,19.8666,2.44988,0.22771799999999998,46.8676,199.8154,14.331,17.0,10.0,2016 J1-B,MPEC 2017-A77
2018,8,10.5163,2.213686,0.99992,209.9259,92.2262,90.9607,5.0,10.0,2016 M1,MPC119995
2017,9,16.9785,3.196996,0.999102,55.9447,353.9909,72.6443,8.5,10.0,2016 N4,MPEC 2021-N06
2018,7,17.8725,2.66305,0.997801,162.6677,298.9783,105.8426,7.0,10.0,2016 N6,MPEC 2021-P47
2021,6,10.3127,2.27026,0.289052,270.113,319.5652,24.4562,15.0,10.0,2016 P1,MPC102099
2016,10,18.9781,5.902632,0.986165,356.2967,320.7237,29.8803,10.5,10.0,2016 P4,MPC102099
2021,5,12.0204,7.081853999999999,1.00124,84.5377,322.2954,109.3883,6.0,10.0,2016 Q2,MPEC 2021-S45
2018,1,28.9938,7.088357000000001,0.5822109999999999,99.5024,271.2945,7.2536,7.0,10.0,2016 Q4,MPC102955
2018,5,8.9842,2.6004419999999997,0.9946649999999999,33.1284,80.5472,58.2573,7.0,10.0,2016 R2,MPEC 2021-N06
2016,10,9.6438,0.45477700000000004,0.9976809999999999,118.1325,78.8669,53.0192,18.0,10.0,2016 R3,MPC102099
2016,7,22.9319,2.791473,0.476434,174.0617,168.2633,10.8767,12.5,10.0,2016 R4,MPC109144
2017,3,15.9214,2.401021,0.709955,273.2808,227.5837,94.6967,12.0,10.0,2016 S1,MPC105543
2017,2,1.5909,2.305981,0.9817049999999999,137.5221,56.3836,129.8513,14.5,10.0,2016 T1,MPC105238
2016,12,29.8098,1.9009470000000002,0.980875,92.172,339.1971,81.4106,14.5,10.0,2016 T2,MPC107685
2017,9,6.4483,2.64399,0.979612,194.6002,271.7067,22.6915,10.5,10.0,2016 T3,MPC110082
2017,1,13.5366,0.324679,1.0004,162.7923,61.6372,46.2145,17.0,10.0,2016 U1,MPC103847
2017,3,5.0023,0.913618,0.9942559999999999,36.373,98.925,23.993,19.5,10.0,2016 VZ18,MPC106345
2017,2,23.3262,1.766498,0.783656,36.0973,59.9106,117.4934,15.0,10.0,2016 WM48,MPC106345
2019,4,28.0414,7.560548,0.993917,224.4791,256.3881,26.4531,6.0,10.0,2016 X1,MPEC 2021-P47
2017,5,15.9626,2.2875799999999997,0.9696520000000001,1.9662,121.0347,49.7991,13.0,10.0,2017 A1,MPC108594
2017,1,31.001,3.8421529999999997,0.911441,303.9509,97.8753,98.5157,9.5,10.0,2017 A3,MPC108594
2018,2,14.6858,9.209316000000001,0.9958629999999999,78.3045,42.6206,32.4499,5.5,10.0,2017 AB5,MPC114598
2019,2,2.3712,3.924904,1.001226,284.8107,2.1771,54.1624,6.0,10.0,2017 B3,MPEC 2021-S45
2017,1,5.8178,2.800894,0.364952,11.0197,121.4578,20.0584,14.5,10.0,2017 B4,MPC103847
2017,1,18.6342,1.4961,0.92722,110.0049,357.59,65.7698,18.0,10.0,2017 C1,MPC104793
2017,1,21.2234,2.4210700000000003,0.9745940000000001,138.5341,249.7258,118.5848,14.0,10.0,2017 C2,MPC107685
2016,6,23.0247,2.72224,0.43631800000000004,7.9948,82.1808,20.7575,14.0,10.0,2017 D1,MPC104793
2017,7,14.8503,2.494418,0.999708,334.5973,330.9433,31.2586,11.0,10.0,2017 D2,MPC112391
2017,4,27.4818,4.969208,1.002212,340.8413,186.7055,125.5899,8.0,10.0,2017 D3,MPC114598
2016,9,4.6694,2.8086330000000004,0.628355,212.2253,264.9374,10.5345,13.0,10.0,2017 D4,MPC110495
2017,1,9.7407,2.155555,0.981015,287.6439,92.6782,131.0341,16.0,10.0,2017 D5,MPC104794
2017,4,10.5848,0.9048299999999999,1.003208,152.761,142.5576,14.5734,14.0,10.0,2017 E1,MPC106346
2017,6,7.5889,5.938009,1.0062010000000001,334.4928,220.7749,70.6532,6.5,10.0,2017 E3,MPEC 2021-P47
2017,4,23.5261,0.491196,1.001491,87.071,222.8713,88.0107,17.0,10.0,2017 E4,MPC105239
2017,11,29.4146,4.496418,1.002577,64.7306,158.7892,146.4591,10.5,10.0,2017 F1,MPC111769
2017,11,26.6002,6.930119,1.002686,134.9857,38.6872,42.5391,7.5,10.0,2017 F2,MPC114598
2016,4,26.7997,2.527017,0.652992,224.4711,249.638,4.7769,13.5,10.0,2017 G1,MPC104794
2017,6,10.4677,2.839282,0.647756,105.5166,79.7948,47.9487,13.0,10.0,2017 G2,MPC108595
2017,4,16.2449,2.584932,0.9918020000000001,73.0724,279.4666,159.0437,14.0,10.0,2017 G3,MPEC 2021-P47
2018,3,17.9517,7.288933,1.0031459999999999,4.4366,225.6945,154.0188,7.0,10.0,2017 K1,MPC115882
2022,12,19.7133,1.797207,1.000629,236.1935,88.2403,87.5556,1.5,10.0,2017 K2,MPEC 2021-S45
2017,5,30.3875,2.345414,0.579929,253.4453,354.2866,4.273,14.5,10.0,2017 K3,MPEC 2021-N06
2018,1,8.5487,2.654734,0.907256,15.2938,298.8796,16.6769,10.0,10.0,2017 K4,MPC114598
2020,3,27.0619,7.681869,1.005778,172.0355,102.3717,82.2334,5.0,10.0,2017 K5,MPEC 2021-P47
2018,1,3.6875,1.9958200000000001,0.9982129999999999,303.7553,84.9884,57.2368,11.0,10.0,2017 K6,MPC114599
2017,4,28.1902,4.65402,0.972087,110.3017,7.0326,77.582,10.5,10.0,2017 M3,MPEC 2021-P47
2019,1,17.9591,3.2537119999999997,1.0013530000000002,167.617,65.9053,105.6485,6.0,10.0,2017 M4,MPEC 2021-P47
2018,6,4.482,5.997923,1.005535,92.8067,216.2875,15.8711,6.5,10.0,2017 M5,MPC118841
2017,10,15.2547,1.492294,0.995877,20.8339,25.7346,39.9472,11.0,10.0,2017 O1,MPC114599
2018,6,20.7855,5.444961,0.311017,122.4524,221.3889,7.6932,10.0,10.0,2017 P1,MPC114599
2017,12,6.4809,2.469588,0.9989879999999999,132.4393,165.4595,50.0487,10.0,10.0,2017 P2,MPC114599
2025,9,7.372,3.325676,0.195715,178.67,143.6166,2.5745,13.5,10.0,2017 R1,MPC114599
2017,8,30.2745,3.611728,0.8246110000000001,306.0242,62.3652,12.6731,13.0,10.0,2017 S2,MPC108595
2018,8,16.2268,0.207179,1.0000639999999998,255.8223,171.2921,99.1972,11.0,10.0,2017 S3,MPC114599
2018,2,26.1928,1.547324,1.000723,134.8786,131.0479,152.8673,12.5,10.0,2017 S6,MPC109591
2017,5,24.2851,7.60608,0.9993690000000001,187.5333,262.7573,124.2258,7.0,10.0,2017 S7,MPC114599
2022,9,16.169,1.692535,0.391416,254.7641,191.5429,29.8418,16.0,10.0,2017 S8,MPC114599
2023,2,27.6241,2.190705,0.30535500000000004,237.6931,146.2237,14.1439,17.0,10.0,2017 S9,MPC107050
2018,2,20.9083,0.5844010000000001,0.9999549999999999,96.9814,102.3916,96.8625,14.5,10.0,2017 T1,MPC114600
2020,5,4.8604,1.615466,0.999131,92.9862,64.379,57.2286,5.0,10.0,2017 T2,MPEC 2021-S45
2018,7,18.8402,0.824975,0.999296,246.8276,230.135,88.134,10.0,10.0,2017 T3,MPC114600
2018,6,21.0044,2.073113,0.709647,119.9469,322.2985,44.8502,15.0,5.0,2017 TW13,MPC115882
2017,8,28.1811,6.7105570000000005,0.997658,147.8333,149.7057,95.386,9.0,10.0,2017 U2,MPC114600
2019,4,14.4488,4.440468,0.098954,296.6364,165.1104,15.9185,11.0,10.0,2017 U3,MPC114600
2018,9,22.7645,7.720422999999999,1.0014319999999999,158.9971,245.9335,158.2107,7.0,10.0,2017 U4,MPEC 2021-P47
2017,12,18.6758,4.31798,0.7441989999999999,261.9991,163.0861,18.9781,12.0,10.0,2017 U5,MPC114600
2019,9,14.3291,6.424507,1.000534,326.3376,276.2459,142.5933,8.3,5.0,2017 U7,MPEC 2021-S45
2017,10,31.9059,3.94919,0.710467,168.9713,312.8397,98.1994,11.0,10.0,2017 W2,MPC114600
2018,2,28.3068,3.865685,0.5069279999999999,327.8452,210.259,18.1667,10.5,10.0,2017 W3,MPC114601
2018,6,14.7631,4.669312000000001,0.8503940000000001,283.2556,251.1338,31.3116,10.0,10.0,2017 X1,MPEC 2021-R75
2017,8,31.299,3.70776,0.9978819999999999,134.2678,307.5246,55.2642,11.5,10.0,2017 Y1,MPC117069
2020,11,4.8616,4.632561,1.000795,147.9087,65.9946,128.4149,15.0,10.0,2017 Y2,MPEC 2021-R75
2018,2,10.1377,1.2803879999999999,0.869878,67.6143,153.8405,27.5562,16.5,10.0,2017 Y3,MPC111770
2017,10,20.7641,2.411411,0.90391,96.2209,336.6618,53.6156,12.5,10.0,2018 A1,MPC114601
2019,1,12.2397,3.275666,0.992347,86.3701,194.2929,139.537,8.5,10.0,2018 A3,MPEC 2021-P47
2018,5,18.572,2.3966979999999998,0.803396,355.9969,97.6174,3.1488,14.0,10.0,2018 A4,MPC114601
2017,9,23.0513,2.689327,0.5225350000000001,359.5246,87.8132,23.5873,15.0,10.0,2018 A5,MPC109147
2019,7,13.3237,3.018478,0.80132,264.4748,340.3792,77.048,9.0,10.0,2018 A6,MPEC 2021-S45
2018,3,28.8939,5.11943,1.000022,68.3241,133.1909,162.42,9.0,10.0,2018 B1,MPC118841
2018,2,24.7868,2.6437169999999997,0.532424,235.7093,270.3653,5.1165,13.5,10.0,2018 C1,MPC114601
2018,6,1.2841,1.959743,1.0005030000000001,134.1024,91.1695,34.4612,13.0,10.0,2018 C2,MPC114601
2019,8,17.7529,2.4113599999999997,0.905595,176.2249,251.3359,160.4586,11.0,10.0,2018 DO4,MPEC 2021-P47
2018,4,17.4994,2.6988,0.9499120000000001,299.3507,146.8692,72.5174,10.5,10.0,2018 E1,MPC114602
2017,12,24.0327,3.9190089999999995,0.999001,277.4537,67.1834,97.679,10.5,10.0,2018 E2,MPC114602
2018,5,22.3886,1.558694,0.9969520000000001,72.6214,172.5559,84.6207,18.0,5.0,2018 EF9,MPC114602
2018,6,5.7926,1.455403,0.919834,35.0563,136.1316,81.8136,15.0,10.0,2018 EN4,MPC114602
2018,12,13.3293,2.9952389999999998,0.9887809999999999,71.6225,177.2755,46.0762,11.5,10.0,2018 F1,MPEC 2021-R75
2017,8,15.2313,2.483172,1.0,293.0113,173.0311,105.5348,13.0,10.0,2018 F3,MPC110084
2019,12,4.0361,3.441164,1.000996,263.2317,26.5154,78.0877,11.0,15.0,2018 F4,MPEC 2021-S45
2018,1,22.0153,2.0169669999999997,0.540506,119.9444,68.3268,7.3903,16.6,5.0,2018 H2,MPC114602
2018,4,6.9881,1.883132,0.9373879999999999,325.1493,260.081,164.1943,14.9,10.0,2018 K1,MPC114602
2019,9,9.8346,3.630086,0.996051,217.6744,91.6147,136.7023,12.2,5.0,2018 KJ3,MPEC 2021-R75
2018,11,12.5259,1.889516,0.482584,18.0137,268.6315,10.5888,15.0,10.0,2018 L1,MPC114602
2018,12,2.6742,1.713582,0.99346,56.292,243.0201,67.3485,10.0,10.0,2018 L2,MPEC 2021-P47
2018,7,31.734,1.681034,0.659884,140.6019,145.1507,26.6257,17.5,10.0,2018 L4,MPC114603
2018,5,5.3939,2.305029,0.364694,93.8723,219.0941,2.2081,14.5,10.0,2018 L5,MPC119996
2018,7,10.5373,1.302642,0.939148,14.186,339.4082,37.3024,15.5,10.0,2018 M1,MPC117070
2018,8,2.0932,1.310826,0.996432,354.6703,292.4625,159.4388,15.5,10.0,2018 N1,MPC112393
2019,11,11.0159,3.125179,1.000253,24.4176,25.2282,77.5352,6.0,10.0,2018 N2,MPEC 2021-S45
2018,8,31.7686,1.56095,0.944247,162.6366,87.6812,154.0307,17.0,10.0,2018 O1,MPC114603
2023,12,26.463,1.7528599999999999,0.41679099999999997,305.9021,59.1696,8.9107,14.5,10.0,2018 P3,MPC114603
2018,11,8.3868,3.6676860000000002,0.450621,8.2847,353.0636,23.1092,12.0,10.0,2018 P4,MPC114603
2019,2,27.4876,4.579465,0.642718,131.7954,216.2294,7.2505,11.0,10.0,2018 P5,MPEC 2021-P47
2019,6,7.344,1.287571,0.999187,112.7943,324.6431,69.7302,9.5,10.0,2018 R3,MPC118841
2018,3,3.4619,1.716891,0.9948959999999999,345.3123,298.4549,11.6815,14.0,10.0,2018 R4,MPC112393
2019,1,10.0436,3.625426,0.841017,178.0872,171.1165,103.7491,11.5,10.0,2018 R5,MPC114603
2021,11,3.0638,4.992958,1.0013530000000002,180.4621,75.4803,108.2979,5.0,10.0,2018 U1,MPEC 2021-S45
2018,12,3.0708,0.387365,1.00033,88.8851,128.8927,144.0572,12.0,10.0,2018 V1,MPC114604
2018,11,25.9719,2.478504,0.9010739999999999,318.9428,357.0829,159.1677,15.0,10.0,2018 V2,MPC115884
2019,9,8.7276,1.3412629999999999,0.9891700000000001,3.5534,308.6588,164.9774,15.7,5.0,2018 V3,MPEC 2021-P47
2019,3,1.3662,3.195935,0.984325,359.9265,78.344,69.0069,12.5,10.0,2018 V4,MPC114604
2018,10,2.7808,4.702325,0.47485299999999997,260.6615,171.2867,10.5878,12.5,10.0,2018 V5,MPEC 2021-P47
2018,6,6.1547,2.1185650000000003,0.478739,138.7704,226.4884,18.2531,15.0,10.0,2018 VN2,MPC114604
2019,5,11.6502,1.3606049999999998,0.9372440000000001,251.2409,233.6088,83.2968,15.5,5.0,2018 W1,MPEC 2021-P47
2019,9,5.5411,1.456229,1.000392,157.9873,181.8308,116.6215,9.5,10.0,2018 W2,MPEC 2021-P47
2019,7,8.2686,2.125865,0.985239,162.0246,340.8329,23.0692,12.0,10.0,2018 X2,MPC119996
2018,12,30.5985,2.6944779999999997,0.78218,359.7348,78.8861,43.3782,14.5,10.0,2018 X3,MPC114604
2019,2,6.861,1.284088,0.990669,357.9912,147.5153,160.3985,11.5,10.0,2018 Y1,MPC118842
2019,1,1.4654,3.888069,0.478655,162.2946,297.2572,11.6824,11.5,10.0,2018 Y2,MPC114605
2018,10,10.5471,2.209971,0.568407,150.7469,312.3005,13.7444,16.0,10.0,2019 A1,MPC114605
2018,11,20.1686,3.537868,0.381416,323.9645,139.4717,14.86,10.5,10.0,2019 A2,MPEC 2021-P47
2024,3,2.2527,2.309854,0.265838,325.5305,31.2933,15.371,16.0,10.0,2019 A3,MPEC 2021-P47
2023,2,27.8377,2.38741,0.087488,342.066,119.2886,13.3117,15.0,10.0,2019 A4,MPC114605
2019,6,7.9488,6.320892,0.7066819999999999,355.9182,146.6288,67.56,9.5,10.0,2019 A5,MPEC 2021-P47
2018,8,29.2182,1.9341169999999999,0.639192,156.1842,280.2527,33.2359,16.0,10.0,2019 A6,MPC114605
2018,12,28.5498,2.437989,0.369678,51.2765,122.7882,2.6665,16.0,10.0,2019 A8,MPC115884
2019,7,26.2515,1.430917,0.963675,237.9426,278.3837,84.1712,15.0,10.0,2019 A9,MPC118842
2019,3,19.4918,1.596538,0.98874,174.8208,290.4309,123.3662,16.0,10.0,2019 B1,MPC114606
2019,6,9.6322,2.441601,0.37097399999999997,0.2984,175.9224,16.934,14.5,10.0,2019 B2,MPC115885
2021,1,20.2791,6.823256,1.001838,263.9306,358.4357,66.5357,5.5,10.0,2019 B3,MPEC 2021-S45
2020,5,5.2487,6.580642,0.990584,319.1661,212.3858,36.0347,10.0,10.0,2019 C1,MPEC 2021-P47
2019,5,11.8385,1.580355,0.9889389999999999,70.5681,231.7046,34.0596,13.0,10.0,2019 D1,MPC118842
2023,11,13.4267,10.314060000000001,1.00273,280.6361,347.2528,84.2972,2.5,10.0,2019 E3,MPEC 2021-P47
2021,6,22.9099,3.595763,1.003752,251.1421,38.7223,54.1745,5.5,10.0,2019 F1,MPEC 2021-S45
2019,9,8.8195,2.243104,0.86564,11.4931,175.5903,19.2207,12.0,10.0,2019 F2,MPEC 2021-P47
2019,12,9.8449,2.290762,0.9961459999999999,82.6172,208.1507,159.2049,16.5,5.0,2019 G2,MPEC 2021-P47
2018,9,16.1432,5.856641000000001,1.002001,287.8682,130.4642,138.3843,13.0,5.0,2019 G4,MPEC 2021-N06
2019,5,10.9929,3.942194,0.472587,208.5981,340.5712,6.0842,12.0,10.0,2019 GG21,MPC114607
2019,4,27.8845,1.84635,0.992316,19.3433,269.2128,104.5498,15.5,10.0,2019 H1,MPC115885
2019,4,8.9513,2.481263,0.9642129999999999,167.7954,98.1017,24.5498,12.0,10.0,2019 J1,MPC118842
2019,7,19.7845,1.726116,0.9892219999999999,98.7369,25.5205,105.2,13.0,10.0,2019 J2,MPEC 2021-R75
2019,8,2.0787,2.374614,1.000536,16.6117,270.5425,131.4029,13.5,10.0,2019 J3,MPC117071
2019,6,1.0064,2.046662,0.994202,94.9441,21.7598,148.318,14.5,10.0,2019 JU6,MPC117071
2020,2,13.0049,2.012571,1.000057,265.7139,73.3736,87.122,10.0,10.0,2019 K1,MPEC 2021-P47
2019,6,16.1372,2.261241,0.9983209999999999,139.7825,180.1501,105.2982,12.5,10.0,2019 K4,MPC119997
2019,6,22.989,2.036338,0.987384,175.0201,177.14,15.3173,13.0,10.0,2019 K5,MPEC 2021-P47
2020,5,20.2885,3.9286589999999997,0.9979610000000001,187.64,42.9576,132.3826,11.5,10.0,2019 K6,MPEC 2021-P47
2020,6,17.1632,4.476113,1.0000879999999999,27.3388,307.9305,103.5422,6.0,10.0,2019 K7,MPEC 2021-S45
2019,7,21.6196,3.194741,0.9986729999999999,85.3968,291.0474,93.2096,11.5,10.0,2019 K8,MPEC 2021-R75
2019,8,11.3892,2.893134,0.7060069999999999,49.9909,254.4204,9.99,13.5,10.0,2019 L1,MPC118095
2019,4,1.681,1.6222940000000001,0.934782,18.7686,12.5638,152.1952,16.0,10.0,2019 L2,MPC115886
2022,1,9.633,3.5544800000000003,1.001407,171.6138,290.7892,48.3638,4.5,10.0,2019 L3,MPEC 2021-S45
2019,3,26.6349,2.48408,0.92815,336.4766,3.8987,164.2912,17.0,10.0,2019 LB7,MPC118095
2020,3,31.1454,4.575528,0.12941,122.5795,179.583,11.6088,8.5,10.0,2019 LD2,MPEC 2021-S45
2019,6,22.5776,1.065365,0.648088,332.5806,307.6004,12.2811,21.2,10.0,2019 M2,MPC118843
2019,1,2.1616,2.418933,1.0004709999999999,87.8952,154.9058,99.4774,12.2,10.0,2019 M3,MPC118095
2020,12,1.7805,1.7047560000000002,0.9997889999999999,193.4424,13.5761,82.4279,7.5,10.0,2019 N1,MPEC 2021-R75
2020,10,22.5007,4.362035,1.001344,246.8705,142.4541,99.4387,9.0,10.0,2019 NJ3,MPEC 2021-N06
2023,4,7.9059,9.682606,0.831198,129.6674,48.2956,93.2911,9.5,5.0,2019 O2,MPEC 2021-S45
2021,3,8.5463,8.81964,1.003075,60.0791,300.3848,89.8169,3.5,10.0,2019 O3,MPEC 2021-S45
2020,2,10.2147,3.645685,0.8894549999999999,61.8569,354.9102,115.0925,15.5,5.0,2019 O4,MPEC 2021-P47
2020,7,20.2252,4.998715,1.000486,56.1251,42.47,155.7254,8.5,10.0,2019 Q1,MPEC 2021-N06
2019,7,22.1365,1.2582959999999999,0.977988,176.3045,188.0214,159.0258,18.0,5.0,2019 Q2,MPC117072
2018,8,21.5306,7.257116000000001,1.003571,152.726,151.3224,65.525,8.5,10.0,2019 Q3,MPC117072
2019,2,22.2384,3.7593120000000004,0.20662800000000003,216.9884,93.1356,10.4716,13.5,10.0,2019 S2,MPC117072
2019,8,26.4176,1.806166,0.471107,212.9934,150.1599,8.6948,18.3,10.0,2019 S3,MPC118096
2020,4,7.916,3.442278,0.9851129999999999,71.3662,63.1593,92.033,11.0,10.0,2019 S4,MPEC 2021-S45
2021,1,14.4207,4.281814,0.888316,91.0513,6.949,120.8718,13.0,5.0,2019 T1,MPEC 2021-P47
2021,4,22.2985,2.646041,0.99866,239.3949,155.6424,111.489,9.0,10.0,2019 T2,MPEC 2021-P47
2021,3,3.0159,5.946823999999999,0.9980450000000001,112.3077,139.5214,121.8618,6.8,10.0,2019 T3,MPEC 2021-S45
2022,6,9.2195,4.242228,0.9958379999999999,351.2129,199.9425,53.6238,5.0,10.0,2019 T4,MPEC 2021-P47
2019,8,1.1576,1.5266309999999998,0.8091,189.5696,247.6661,33.4397,15.0,10.0,2019 T5,MPEC 2021-P47
2019,11,7.9043,2.05057,0.622692,328.9138,71.282,18.6947,15.5,10.0,2019 T6,MPEC 2021-P47
2019,9,18.6025,1.8457740000000002,0.475699,180.9787,200.0078,11.6949,19.0,10.0,2019 U4,MPC118096
2023,3,30.1138,3.6229970000000002,1.000869,181.5492,2.6416,113.519,4.5,10.0,2019 U5,MPEC 2021-S45
2020,6,18.7501,0.914342,0.9976649999999999,329.6526,235.7009,60.9988,10.0,10.0,2019 U6,MPEC 2021-P47
2020,7,16.4522,3.096993,0.998041,51.1817,83.1938,61.8659,11.0,10.0,2019 V1,MPC119998
2020,10,19.2124,5.020237,0.331495,335.953,189.1799,11.8059,10.0,10.0,2019 V2,MPEC 2021-P47
2019,5,7.7964,3.3372870000000003,0.266499,18.6836,35.3881,23.4651,12.9,10.0,2019 W1,MPC119998
2019,7,21.266,4.302796,0.302956,36.7975,43.6845,10.2461,10.4,10.0,2019 X1,MPEC 2021-P47
2020,3,15.5965,0.8312149999999999,0.990294,57.959,31.5265,73.2887,13.7,10.0,2019 Y1,MPC119999
2020,5,31.0504,0.251469,1.001386,177.2708,120.9367,45.8129,11.6,15.0,2019 Y4,MPEC 2020-L06
2020,5,31.0504,0.251469,1.001386,177.2708,120.9367,45.8129,11.6,15.0,2019 Y4-A,MPEC 2020-L06
2020,5,31.029,0.252994,0.9998090000000001,177.4039,120.6325,45.4474,12.8,15.0,2019 Y4-B,MPEC 2020-L06
2020,5,31.0082,0.252523,1.002105,177.3042,120.6625,45.595,12.7,15.0,2019 Y4-C,MPEC 2020-L06
2020,5,31.1267,0.25190799999999997,0.996296,177.4424,121.0426,45.6368,12.5,15.0,2019 Y4-D,MPEC 2020-L06
2019,8,18.2412,4.914983,0.9940120000000001,303.512,51.7764,82.805,11.0,10.0,2019 Y5,MPEC 2021-P47
2021,5,26.6768,1.217354,0.637048,41.5457,19.7471,5.739,14.0,10.0,201P,MPC 93588
2020,1,8.4416,0.977036,0.9992840000000001,68.1888,286.3709,120.7305,13.5,10.0,2020 A2,MPEC 2020-L06
2019,7,29.8549,5.838881,1.025875,271.1716,120.3809,146.7737,8.0,10.0,2020 A3,MPEC 2020-L06
2019,10,19.5766,3.343316,0.9971620000000001,325.0311,185.8382,20.7087,13.0,10.0,2020 B3,MPEC 2020-L06
2022,7,16.2342,8.816951,1.004165,48.3694,250.26,163.5807,4.5,10.0,2020 F2,MPEC 2021-R75
2020,7,3.6333,0.29483899999999996,0.999131,37.2862,61.0176,128.9573,7.5,13.0,2020 F3,MPEC 2021-O56
2021,3,24.5676,4.326246,1.005543,311.1301,350.5945,51.7538,6.5,8.0,2020 F5,MPEC 2021-S45
2020,4,11.7332,3.510897,0.9913870000000001,344.6209,207.8935,174.5826,14.5,7.0,2020 F6,MPEC 2020-L06
2021,11,14.0175,5.332116,0.992416,227.971,321.887,93.9538,7.0,10.0,2020 F7,MPEC 2021-P47
2020,5,27.5871,0.429954,0.9984120000000001,68.1947,259.9848,110.7618,10.0,10.0,2020 F8,MPEC 2020-KB7
2020,3,17.3478,0.505679,0.859915,207.6465,240.0955,18.4813,17.0,10.0,2020 G1,MPEC 2020-L06
2020,4,27.6524,0.833559,0.995647,26.7076,277.6452,125.0243,18.0,10.0,2020 H2,MPEC 2020-L06
2020,6,5.7161,2.300288,1.0,30.4456,270.6227,62.5292,13.5,10.0,2020 H3,MPEC 2020-HM1
2020,8,29.5373,0.9266110000000001,0.980727,117.5891,307.7336,84.5134,15.0,8.0,2020 H4,MPEC 2020-L06
2020,12,11.9904,9.345183,0.997296,326.4039,210.6317,70.2294,5.0,10.0,2020 H5,MPEC 2021-O56
2021,10,1.0732,4.702893,1.0007059999999999,20.3476,213.7067,79.9678,8.0,8.0,2020 H6,MPEC 2021-R75
2020,6,2.9509,4.419544999999999,0.9968540000000001,82.678,323.5194,135.9235,11.0,10.0,2020 H7,MPEC 2020-KB7
2020,6,4.4645,4.675554,0.992124,128.9407,68.4085,99.6497,10.5,10.0,2020 H8,MPEC 2021-N06
2019,12,21.4447,2.5794599999999996,0.995416,312.9141,213.138,137.8817,18.0,5.0,2020 H9,MPEC 2020-L06
2021,4,18.6075,3.3551940000000005,1.000422,341.756,226.5824,142.2959,8.5,8.0,2020 J1,MPEC 2021-S45
2023,5,9.1048,3.074048,0.999708,213.9697,94.3628,89.6567,5.5,10.0,2020 K1,MPEC 2021-S45
2020,8,5.6672,8.878789999999999,1.002999,67.3186,288.3508,91.038,10.8,10.0,2020 K2,MPEC 2021-N06
2020,6,1.0031,1.583069,1.0,64.4924,28.3546,129.0152,14.5,10.0,2020 K3,MPEC 2020-KF9
2020,3,3.709,1.75374,0.926583,308.7943,264.1078,125.568,16.5,10.0,2020 K4,MPEC 2020-L06
2021,6,5.5735,1.535692,1.001511,249.5909,86.1646,67.1512,11.0,10.0,2020 K5,MPEC 2021-R75
2021,9,15.4749,5.868345,1.0030629999999998,44.2977,291.5263,103.6434,8.0,10.0,2020 K6,MPEC 2021-R75
2019,10,28.9,6.3880099999999995,0.9376760000000001,358.2222,286.0762,32.0425,8.0,10.0,2020 K7,MPEC 2021-S45
2020,9,14.5287,0.474167,1.000155,260.0277,181.5297,31.4222,15.0,8.0,2020 K8,MPEC 2021-P47
2021,2,11.924,2.849599,0.32140100000000005,196.9038,166.2399,23.2098,12.5,10.0,2020 K9,MPEC 2021-BE3
2019,12,28.8458,2.6979189999999997,0.483217,70.0101,142.8572,8.6757,14.5,10.0,2020 M1,MPEC 2020-K19
2020,10,25.6497,1.268092,0.9528530000000001,328.4583,71.2372,23.4717,14.5,10.0,2020 M3,MPEC 2021-N06
2020,11,24.0287,5.952666000000001,0.9996780000000001,104.6511,348.6227,160.127,14.5,5.0,2020 M4,MPEC 2021-R75
2021,8,19.8789,3.004348,1.000077,126.3385,352.0941,93.2235,9.0,10.0,2020 M5,MPEC 2021-S45
2021,3,12.2175,1.320562,1.000516,186.7642,279.9781,29.7034,12.5,10.0,2020 N1,MPEC 2021-N06
2020,8,23.737,1.7942919999999998,0.982433,331.2533,257.0881,161.0346,16.0,8.0,2020 N2,MPEC 2021-P47
2020,5,2.6564,2.328663,0.11944300000000001,104.5321,175.9767,5.2259,15.5,10.0,2020 O1,MPEC 2020-SI8
2021,8,28.5504,4.8621669999999995,1.002469,10.3008,256.756,71.7482,8.0,8.0,2020 O2,MPEC 2021-S45
2021,1,30.3611,4.166912,0.10431099999999999,81.5826,266.8367,8.4414,12.0,10.0,2020 O3,MPEC 2020-SI8
2020,10,20.1861,0.34194,1.0002659999999999,8.8897,53.5257,45.0725,14.0,8.0,2020 P1,MPEC 2021-BE3
2021,4,20.8743,6.812328999999999,0.9993569999999999,82.2506,19.4797,61.8852,6.0,10.0,2020 P3,MPEC 2021-S45
2021,9,25.9985,2.295642,0.944958,71.3804,329.1439,128.2393,10.0,10.0,2020 PV6,MPEC 2021-S45
2020,8,14.612,1.3147790000000001,0.9776549999999999,9.9015,52.4174,142.9151,14.0,10.0,2020 Q1,MPEC 2021-N06
2022,2,24.3834,4.69195,0.9886510000000001,211.7208,195.0921,53.2259,9.0,10.0,2020 R2,MPEC 2021-S45
2021,3,1.9454,1.02871,0.989506,46.7192,323.2735,164.4633,13.5,10.0,2020 R4,MPEC 2021-S45
2020,5,28.7123,3.414042,0.31469400000000003,82.4081,272.9753,11.453,9.5,15.0,2020 R5,MPEC 2020-W26
2019,9,10.0734,3.126792,0.994117,271.9546,12.1743,82.8204,11.0,10.0,2020 R6,MPEC 2020-W26
2022,9,16.2279,2.9561900000000003,0.99977,347.8259,268.2789,114.8924,7.0,8.0,2020 R7,MPEC 2021-S45
2021,1,17.0653,2.9474869999999997,0.50737,254.9062,129.4594,13.7339,14.0,10.0,2020 S1,MPEC 2021-BE3
2020,12,21.9693,1.75606,0.8277040000000001,202.282,197.677,22.3981,17.0,10.0,2020 S2,MPEC 2021-BE3
2020,12,12.6888,0.397852,0.997864,349.9244,222.9096,19.8855,13.5,8.0,2020 S3,MPEC 2021-S45
2023,2,9.4437,3.369188,1.0001,21.027,117.7174,20.5741,8.5,8.0,2020 S4,MPEC 2021-S45
2020,8,8.6024,2.679157,0.338549,53.0693,315.9995,12.3539,14.5,10.0,2020 S5,MPEC 2021-BE3
2020,11,23.631,1.8746479999999999,0.479239,176.661,242.5611,15.4588,16.0,10.0,2020 S6,MPEC 2021-P47
2020,11,18.2457,2.961376,0.410608,40.4453,328.0179,16.0921,14.5,10.0,2020 S7,MPEC 2021-BE3
2021,4,10.9335,2.36383,0.9914639999999999,160.3355,24.0531,108.5222,12.5,10.0,2020 S8,MPEC 2021-P47
2021,7,11.1573,2.054712,0.993395,150.3878,83.0481,27.8729,11.0,8.0,2020 T2,MPEC 2021-S45
2021,1,20.4686,1.436415,0.5916279999999999,357.0376,74.0134,7.2953,18.0,8.0,2020 T3,MPEC 2021-N06
2021,7,5.2557,2.19185,1.000053,79.6076,50.6186,83.8144,13.0,8.0,2020 T4,MPEC 2021-N06
2020,10,9.6252,1.8892360000000001,0.997767,90.3026,237.8612,66.5959,16.0,10.0,2020 T5,MPEC 2021-BE3
2020,12,25.7082,1.8486529999999999,0.5106569999999999,84.6422,342.8995,6.4213,18.0,10.0,2020 U2,MPEC 2021-N06
2021,2,6.0012,2.2761869999999997,0.965126,124.268,282.6796,30.1747,15.0,10.0,2020 U3,MPEC 2021-S45
2022,4,7.8306,5.353834,1.001765,69.5215,120.0179,167.0364,7.0,10.0,2020 U4,MPEC 2021-S45
2022,4,27.8564,3.7560230000000003,0.9994940000000001,75.4118,107.3404,97.2733,8.0,10.0,2020 U5,MPEC 2021-S45
2023,5,8.4534,2.2283560000000002,1.001319,162.3899,212.3541,131.6056,4.9,10.0,2020 V2,MPEC 2021-R75
2021,2,8.4533,6.2301910000000005,0.255444,249.3147,198.2692,23.0315,8.3,10.0,2020 V3,MPEC 2021-N06
2021,7,17.8016,5.148589,0.4491,256.9895,203.5019,14.2428,9.0,10.0,2020 V4,MPEC 2021-S45
2020,4,5.2383,5.288204,0.265664,264.8557,124.2607,10.7917,10.0,10.0,2020 W1,MPEC 2021-BE3
2020,11,30.0841,3.364211,1.000818,24.479,75.5057,88.5834,15.0,10.0,2020 W5,MPEC 2021-BE3
2020,7,20.3543,2.872185,0.36545300000000003,323.2639,56.0229,31.6966,13.0,10.0,2020 X1,MPEC 2021-P47
2020,11,15.7979,3.828179,0.766582,347.3387,105.4564,18.1898,10.6,10.0,2020 X2,MPEC 2021-N06
2020,11,15.7858,5.208594000000001,0.8807860000000001,140.0604,161.8911,80.5548,9.0,10.0,2020 X4,MPEC 2021-S45
2022,6,17.6576,3.1324669999999997,0.9974299999999999,266.0979,26.5094,101.2938,6.5,10.0,2020 Y2,MPEC 2021-R75
2020,12,3.4647,1.999107,0.9866209999999999,342.0349,191.4317,83.1005,13.5,10.0,2020 Y3,MPEC 2021-R75
2022,1,3.3025,0.615254,1.00006,225.0921,255.8939,132.6849,8.5,10.0,2021 A1,MPEC 2021-S45
2021,3,15.2695,1.268725,0.9864120000000001,82.2773,188.3491,151.527,19.0,10.0,2021 A10,MPEC 2021-N06
2021,1,22.6193,1.412784,0.994403,338.8364,125.237,106.9777,13.5,10.0,2021 A2,MPEC 2021-S45
2021,3,20.0312,1.1456469999999999,0.973341,204.6684,307.086,111.5698,16.0,10.0,2021 A4,MPEC 2021-R75
2020,11,11.6561,2.620789,0.139743,61.1361,328.7669,18.1882,15.0,10.0,2021 A5,MPEC 2021-BE3
2021,5,4.815,7.928794,0.999324,351.7355,164.079,75.6126,7.0,10.0,2021 A6,MPEC 2021-P47
2021,7,15.3158,1.967699,0.9996790000000001,356.0585,154.5192,78.1499,10.0,10.0,2021 A7,MPEC 2021-N06
2023,12,1.4265,7.758534,1.004278,211.4712,314.8408,158.0287,6.0,10.0,2021 A9,MPEC 2021-P47
2021,5,4.2584,2.513045,0.9927239999999999,334.9658,120.5554,38.0931,14.0,10.0,2021 B2,MPEC 2021-O56
2021,3,10.9018,2.160127,0.938159,293.5568,67.2872,119.4858,13.5,10.0,2021 B3,MPEC 2021-N06
2020,12,7.1383,3.481212,0.9999040000000001,336.3102,186.8939,143.0423,11.5,10.0,2021 C1,MPEC 2021-P47
2021,2,24.2583,4.890016999999999,0.487253,78.7914,66.4877,21.9271,12.0,10.0,2021 C2,MPEC 2021-P47
2021,2,12.4278,2.276352,0.9640290000000001,357.1457,181.9231,122.164,14.0,10.0,2021 C3,MPEC 2021-N06
2021,1,17.1044,4.504236,0.999491,320.236,194.2754,132.846,9.0,10.0,2021 C4,MPEC 2021-P47
2023,2,11.0127,3.241634,0.999431,270.9177,323.691,50.7876,9.0,10.0,2021 C5,MPEC 2021-N06
2021,11,13.3142,3.2713419999999998,1.002033,203.5601,332.1554,164.6261,12.0,10.0,2021 C6,MPEC 2021-N06
2021,2,27.6181,0.901797,0.9907239999999999,72.2267,311.2712,31.4602,13.0,10.0,2021 D1,MPEC 2021-N06
2022,2,3.985,2.946288,1.001267,125.0304,305.6765,83.8313,9.0,10.0,2021 D2,MPEC 2021-S45
2020,12,10.4746,2.288131,0.990297,342.4622,190.8147,167.4879,15.0,5.0,2021 E2,MPEC 2021-N06
2022,6,11.9178,1.777427,1.000759,228.8462,104.4646,112.5626,8.5,10.0,2021 E3,MPEC 2021-S45
2022,4,25.3682,4.675927,0.9935459999999999,48.2847,171.1731,116.3603,13.5,5.0,2021 E4,MPEC 2021-P47
2022,4,6.8724,0.9955370000000001,0.99582,146.8183,203.4495,107.3226,17.5,5.0,2021 F1,MPEC 2021-R75
2021,7,22.2143,3.423651,0.954469,107.4801,270.6938,131.5658,14.0,10.0,2021 G1,MPEC 2021-J72
2024,9,9.9305,4.97647,0.99889,343.3817,221.132,48.4742,8.5,5.0,2021 G2,MPEC 2021-M79
2021,10,18.6498,5.1811370000000005,1.001128,10.6532,147.4188,102.8833,10.5,10.0,2021 G3,MPEC 2021-M86
2021,8,6.3877,0.796437,0.810179,46.0864,262.3907,12.1711,22.0,10.0,2021 HS,MPEC 2021-S44
2021,2,19.4363,1.740325,0.933674,147.3037,88.3146,92.7079,15.5,10.0,2021 J1,MPEC 2021-R75
2021,9,22.476,4.706714,0.959781,172.0601,23.329,156.2075,12.0,10.0,2021 J2,MPEC 2021-R75
2019,7,4.6001,4.911137999999999,0.45059899999999997,125.8436,111.2256,14.5603,7.0,10.0,2021 J3,MPEC 2021-S45
2021,5,4.552,2.4977560000000003,0.803774,184.2977,140.9051,16.2759,11.0,10.0,2021 K1,MPEC 2021-S45
2021,9,9.1284,5.466627,1.000624,343.3201,282.2479,100.8393,8.0,10.0,2021 K2,MPEC 2021-R75
2022,2,2.389,5.230994,1.007104,181.9639,114.4395,134.8042,10.0,10.0,2021 K3,MPEC 2021-R75
2021,7,24.5231,1.9385419999999998,0.52175,51.5346,266.6695,21.0683,17.0,10.0,2021 L2,MPEC 2021-S45
2022,2,13.3534,8.458065,1.000932,91.5769,344.9691,78.5799,6.0,10.0,2021 L3,MPEC 2021-S45
2019,9,4.0718,2.789555,0.11861500000000001,234.6202,243.2251,16.9618,13.5,10.0,2021 L4,MPEC 2021-R75
2021,6,6.5527,0.9622200000000001,0.676783,21.1912,301.1635,11.506,19.0,10.0,2021 N1,MPEC 2021-P47
2021,11,12.582,3.7972989999999998,0.452759,177.2272,221.7454,13.0613,9.5,10.0,2021 N2,MPEC 2021-S45
2020,8,17.9882,5.702719,0.964808,304.4876,337.4976,26.7457,8.5,10.0,2021 N3,MPEC 2021-S45
2021,8,13.928,0.786984,1.000174,74.4505,41.608,27.5726,10.5,10.0,2021 O1,MPEC 2021-R75
2022,4,21.0128,0.287245,1.000204,299.9827,189.027,56.7724,10.5,10.0,2021 O3,MPEC 2021-S45
2022,6,1.6498,4.375293,0.9998379999999999,40.3518,359.6715,51.6213,11.0,10.0,2021 P1,MPEC 2021-S45
2023,1,21.8499,5.071741,0.997978,76.4956,31.9937,150.0191,9.0,10.0,2021 P2,MPEC 2021-S45
2021,5,30.8213,2.915628,0.340416,334.1807,358.2372,27.1496,14.0,10.0,2021 P3,MPEC 2021-S45
2022,7,30.3612,1.0802040000000002,0.996519,175.8311,348.0952,56.3112,9.5,10.0,2021 P4,MPEC 2021-S45
2022,1,25.8,5.206855,0.930919,114.0505,307.926,77.7764,8.0,10.0,2021 Q3,MPEC 2021-S45
2023,6,8.9011,7.567369,1.0035399999999999,146.8926,183.3307,71.4743,6.0,10.0,2021 Q4,MPEC 2021-S45
2021,8,30.438,1.234652,0.624549,180.8991,239.781,10.7349,15.0,10.0,2021 Q5,MPEC 2021-S45
2024,3,21.1678,8.716826,0.9987809999999999,140.7885,133.5429,161.8468,6.0,10.0,2021 Q6,MPEC 2021-S45
2021,12,17.1908,4.885651,0.42112799999999995,220.2736,143.4082,5.5212,11.0,10.0,2021 R1,MPEC 2021-S45
2021,12,21.5303,7.314478,0.997519,32.049,16.2791,134.4636,7.5,10.0,2021 R2,MPEC 2021-S45
2021,5,27.0768,2.525306,0.331893,2.9962,304.2477,19.9299,16.0,10.0,2021 R3,MPEC 2021-S45
2021,10,13.4456,2.328568,0.5877359999999999,56.3958,321.325,21.0731,16.0,10.0,2021 R4,MPEC 2021-S45
2022,1,10.4413,3.324897,0.307467,167.0229,219.9792,7.85,12.0,10.0,2021 R5,MPEC 2021-S45
2021,12,26.6665,6.215284,1.0228780000000002,141.9225,300.4426,51.7092,7.0,10.0,2021 S1,MPEC 2021-T21
2024,5,23.6575,2.990729,0.264701,277.1374,177.8618,2.0913,13.5,10.0,202P,MPEC 2021-N06
2020,3,4.6656,3.198382,0.315213,154.7921,290.3387,2.9728,14.5,5.0,203P,MPEC 2021-S45
2022,11,16.4962,1.836732,0.488191,356.4045,108.5613,6.5982,14.0,10.0,204P,MPC 98566
2022,1,13.4263,1.530082,0.568118,154.2091,179.605,15.3045,13.0,10.0,205P,MPC 98566
2021,3,4.513,1.564793,0.551389,189.4824,202.3426,33.6333,19.0,10.0,206P,MPC 75725
2024,1,31.8666,0.932746,0.759096,273.0041,198.3296,10.1872,16.0,10.0,207P,MPC 75725
2024,8,23.2935,2.532118,0.373977,310.4785,36.3426,4.4113,12.5,10.0,208P,MPEC 2020-W26
2019,6,12.4341,0.967825,0.673029,152.4595,62.7739,21.2556,17.0,5.0,209P,MPC 90771
2020,4,7.8893,0.527602,0.833248,345.894,93.8277,10.2637,13.5,10.0,210P,MPC105242
2022,10,4.5959,2.328042,0.34347,4.2673,117.132,18.9212,12.5,10.0,211P,MPC 96868
2024,4,25.2987,1.602945,0.587915,14.08,98.2701,22.2242,17.0,5.0,212P,MPEC 2021-F20
2023,11,11.1619,1.980764,0.408277,5.6621,311.2984,10.3822,10.5,10.0,213P,MPC114608
2022,9,26.3055,1.8605909999999999,0.48579399999999995,190.2232,348.2491,15.1834,13.0,10.0,214P,MPC 92986
2019,11,19.0166,3.606675,0.166743,262.2175,56.685,10.5803,11.0,10.0,215P,MPEC 2021-S45
2024,1,7.2379,2.138383,0.44705500000000004,151.3694,359.8093,9.062,13.0,10.0,216P,MPC100284
2025,5,24.6134,1.2288,0.6889310000000001,246.8535,125.474,12.8641,12.0,10.0,217P,MPEC 2021-N06
2020,10,3.788,1.168664,0.622132,59.7326,175.9681,2.7276,16.0,10.0,218P,MPEC 2020-K19
2024,2,13.3677,2.357079,0.354065,107.4605,230.9628,11.5335,11.0,10.0,219P,MPC100284
2018,9,10.8601,1.010055,0.711054,172.8615,195.3471,32.042,11.4,10.0,21P,MPEC 2021-F20
2020,12,10.6367,1.552599,0.501718,180.5453,150.1013,8.1289,15.0,10.0,220P,MPEC 2021-BE3
2021,12,18.0667,1.7531400000000001,0.492654,40.114,229.7029,11.4276,14.5,10.0,221P,MPEC 2021-J28
2019,6,5.4393,0.82711,0.714717,346.2521,6.7773,5.098,20.0,10.0,222P,MPC 92277
2019,1,27.7054,2.428299,0.416127,37.8147,346.7706,27.0262,12.0,10.0,223P,MPEC 2021-S45
2022,9,29.9407,2.04432,0.40683800000000003,16.6513,40.1144,13.297,15.5,10.0,224P,MPC 75727
2023,8,8.1526,1.320434,0.638209,3.874,14.1977,21.3638,18.0,10.0,225P,MPC 75727
2023,12,27.4347,1.7757630000000002,0.528629,341.0404,54.0031,44.0292,12.5,10.0,226P,MPC106349
2024,3,7.2712,1.7067259999999997,0.518109,93.1946,46.416,6.587,16.5,5.0,227P,MPC102956
2020,3,9.4604,3.434915,0.176281,115.1115,30.9813,7.9123,14.5,5.0,228P,MPEC 2020-L06
2025,3,5.6652,2.446548,0.377322,223.97,157.9115,26.0925,13.0,10.0,229P,MPC106349
2022,3,18.1158,1.5524639999999998,0.548797,163.0101,120.836,4.742,3.0,26.0,22P,MPEC 2021-S45
2022,3,19.2962,1.568842,0.54567,313.4058,106.9921,15.4708,13.0,10.0,230P,MPEC 2021-S45
2019,6,17.4456,3.0371810000000004,0.246779,43.6667,133.0157,12.3337,14.5,5.0,231P,MPEC 2020-K19
2019,4,5.6688,2.9818599999999997,0.334202,53.3608,56.0152,14.6362,11.5,10.0,232P,MPC112394
2020,10,1.601,1.782175,0.41182399999999997,27.0226,74.9187,11.2843,15.0,10.0,233P,MPEC 2021-N06
2024,10,24.6518,2.830553,0.255094,357.2315,179.5655,11.5329,12.0,10.0,234P,MPC110497
2018,3,18.7486,2.670947,0.325316,333.3719,203.1931,8.9748,12.0,10.0,235P,MPC110497
2025,2,3.4684,1.8309490000000002,0.509095,119.2491,245.6104,16.3391,14.0,10.0,236P,MPC107688
2023,5,14.5502,1.9864560000000002,0.43442600000000003,25.2322,245.3846,14.0152,14.5,5.0,237P,MPC109593
2022,6,6.0247,2.3684119999999997,0.252363,324.393,51.6288,1.2641,14.5,10.0,238P,MPC107688
2019,1,9.3772,1.6536520000000001,0.630046,220.4333,255.9136,11.2971,17.5,5.0,239P,MPEC 2021-F20
1989,8,4.7883,0.483783,0.971456,128.8196,312.3987,19.1384,10.0,15.0,23P,MPC 14747
2018,5,15.5851,2.129827,0.449112,351.9499,74.911,23.5141,12.1,10.0,240P,MPEC 2021-F20
2021,7,25.8336,1.917501,0.609979,111.4309,305.4833,21.1068,13.5,10.0,241P,MPEC 2021-S45
2025,1,1.0081,3.959879,0.278212,245.9139,180.401,32.497,8.0,10.0,242P,MPEC 2021-S45
2018,8,26.7721,2.450567,0.36029,283.5443,87.6331,7.6404,12.5,10.0,243P,MPC111774
2022,11,16.5643,3.921128,0.198909,93.0061,353.9901,2.2593,9.0,10.0,244P,MPEC 2021-S45
2018,2,8.4769,2.196486,0.456992,316.8819,316.6479,21.1973,14.0,10.0,245P,MPEC 2020-K19
2021,2,23.1848,2.864203,0.287582,176.3882,78.7349,15.9806,10.5,10.0,246P,MPEC 2021-S45
2018,12,1.3637,1.49143,0.6242260000000001,47.457,54.0112,13.6541,16.5,5.0,247P,MPEC 2021-F20
2025,9,15.8722,2.166284,0.6384529999999999,209.8552,207.7809,6.3495,14.0,10.0,248P,MPC 75730
2020,6,29.5039,0.497147,0.8200639999999999,65.6504,239.1519,8.3926,15.5,10.0,249P,MPEC 2021-S45
2017,11,12.5053,1.182813,0.7081850000000001,58.281,78.5708,11.5294,6.5,35.0,24P,MPC110085
2025,5,17.7919,2.257311,0.400213,46.1604,73.4773,13.1667,14.5,10.0,250P,MPC110497
2024,2,13.0866,1.738266,0.504929,31.2896,219.372,23.3909,16.5,5.0,251P,MPC104795
2021,7,11.2942,1.000483,0.6718770000000001,343.2971,190.946,10.4099,17.5,10.0,252P,MPEC 2021-S45
2024,10,20.9216,2.031009,0.41407700000000003,230.6397,146.8856,4.9435,14.5,10.0,253P,MPEC 2020-FB5
2020,9,29.9153,3.137502,0.319779,219.5363,129.1749,32.5726,11.0,10.0,254P,MPEC 2021-S45
2022,9,7.4114,0.8475659999999999,0.712163,185.9204,275.7768,13.4151,9.0,10.0,255P,NK   2214
2023,3,12.434,2.699279,0.418005,124.2444,81.3487,27.6242,14.0,5.0,256P,MPC 84027
2020,9,10.7486,2.1428599999999998,0.43042600000000003,117.6703,207.7323,20.2221,11.5,10.0,257P,MPEC 2021-S45
2020,6,18.705,3.48085,0.20852300000000001,25.9727,126.2475,6.746,13.0,10.0,258P,MPEC 2021-N06
2022,2,8.4102,1.805654,0.338599,257.6461,51.4518,15.8908,15.5,10.0,259P,MPC106349
2019,9,10.2272,1.415764,0.609218,18.4123,349.3383,15.0582,13.5,10.0,260P,MPEC 2020-SI8
2019,6,19.0762,2.0128470000000003,0.423292,67.1693,291.1547,6.0747,14.0,10.0,261P,MPEC 2021-J28
2012,12,1.9836,1.266066,0.815814,171.0189,217.8784,29.2347,13.5,10.0,262P,MPC 82322
2023,1,30.6321,1.240185,0.5930270000000001,34.7453,105.6386,11.526,9.0,10.0,263P,MPC 89018
2019,8,4.7101,2.43318,0.375025,346.7292,220.5778,25.1635,13.0,10.0,264P,MPC114608
2021,2,9.0664,1.499075,0.647501,33.4386,342.9254,14.3652,14.5,10.0,265P,MPC 79870
2020,4,19.2571,2.334043,0.339463,97.7568,4.9982,3.427,14.7,10.0,266P,MPEC 2021-F20
2024,4,24.4991,1.238532,0.6143609999999999,114.1656,228.6077,6.1396,19.5,10.0,267P,MPC114608
2024,12,26.3093,2.379371,0.47645699999999996,359.8478,127.5064,16.0943,14.0,10.0,268P,MPC 92277
2014,9,28.9707,4.028733,0.43058500000000005,225.8255,241.7149,7.0742,10.0,10.0,269P,MPC104795
2023,12,25.6747,1.084244,0.640314,2.1762,211.5397,22.4332,12.0,40.0,26P,MPC 94674
2013,6,7.2941,3.546971,0.46776899999999993,209.8067,222.989,2.9207,8.0,10.0,270P,MPC 88332
2013,7,12.8144,4.263332,0.394559,36.3848,9.3132,6.8712,11.0,10.0,271P,MPC 92277
2022,7,17.1381,2.4320939999999998,0.454424,27.9212,109.4685,18.0758,16.0,5.0,272P,MPC 81862
2012,12,18.8539,0.8239059999999999,0.974145,20.3324,320.4011,136.7952,11.5,10.0,273P,MPC 82723
2022,4,8.5024,2.453143,0.43912399999999996,38.477,81.3405,15.8169,13.0,10.0,274P,MPEC 2021-S45
2026,11,2.2717,1.6605349999999999,0.7124020000000001,174.045,348.7569,21.2738,17.0,10.0,275P,MPC 81862
2024,12,14.7801,3.8972660000000006,0.267339,199.6535,211.3842,14.8106,11.5,10.0,276P,MPEC 2020-K19
2020,12,30.1738,1.9042990000000002,0.505794,152.3131,276.3412,16.7773,15.1,10.0,277P,MPEC 2021-F20
2020,9,11.864,2.08434,0.435696,238.0023,15.3858,6.6912,14.0,10.0,278P,MPEC 2021-S45
2023,4,19.553,2.149219,0.398598,5.8111,346.2347,5.0526,14.0,10.0,279P,MPC100285
2011,7,23.0691,0.749996,0.918342,195.9308,250.6126,29.2251,12.0,20.0,27P,MPC 78188
2023,8,4.7105,2.6384279999999998,0.417508,104.784,131.393,11.7751,12.5,10.0,280P,MPC 89013
2023,2,2.027,4.034554,0.172041,26.7032,87.1787,4.7193,11.0,10.0,281P,MPC 83145
2021,10,24.637,3.440993,0.18865099999999999,217.6314,9.2964,5.8116,13.5,5.0,282P,MPC133426
2021,9,8.0153,2.1321950000000003,0.484806,22.2487,161.1292,14.4552,16.0,5.0,283P,MPEC 2021-BE3
2021,9,12.7053,2.295736,0.37600500000000003,202.4453,144.2632,11.8614,13.0,10.0,284P,MPEC 2021-S45
2023,1,12.4095,1.7198099999999998,0.6184850000000001,178.426,185.5052,25.0379,15.0,10.0,285P,MPC 85339
2022,5,12.6357,2.361095,0.425368,24.8509,283.9573,17.0455,14.0,10.0,286P,MPEC 2021-O56
2023,7,4.3637,3.0359700000000003,0.271009,188.9806,139.0455,16.3199,13.5,10.0,287P,MPC 96868
2022,3,2.3548,2.436656,0.201534,280.3536,83.1678,3.2382,16.0,5.0,288P,MPC133426
2019,12,20.9573,0.9580930000000001,0.685516,9.856,68.8829,5.8953,19.0,10.0,289P,MPEC 2021-S45
2021,3,11.8782,1.578338,0.773738,347.4119,346.3316,14.312,8.5,15.0,28P,MPEC 2021-S45
2014,2,1.0176,2.306102,0.62869,181.9269,302.69,20.1232,10.5,10.0,290P,MPC 95214
2023,5,5.5726,2.556738,0.43550600000000006,173.7101,237.9823,6.3024,13.0,10.0,291P,MPEC 2021-N06
2029,3,4.3098,2.511931,0.588619,319.4614,90.9693,24.2662,12.5,10.0,292P,MPC115887
2020,12,19.1874,2.119519,0.41822600000000004,41.0304,78.4045,9.0566,14.5,10.0,293P,MPEC 2021-S45
2019,12,1.4136,1.2853370000000002,0.598182,235.316,312.5227,18.1891,15.5,10.0,294P,MPEC 2020-SI8
2026,7,24.7452,2.0360270000000003,0.6163069999999999,72.884,7.4335,21.074,12.0,10.0,295P,MPC 93589
2020,9,17.8001,1.8223490000000002,0.47874099999999997,350.0828,263.6023,25.229,14.0,10.0,296P,MPEC 2021-N06
2021,1,23.1252,2.343841,0.319527,132.5801,97.6577,10.3264,15.0,10.0,297P,MPC102956
2020,9,6.2615,2.2031400000000003,0.386517,100.6662,52.8224,7.8708,15.0,10.0,298P,MPC114609
2024,5,1.0428,3.152073,0.281296,323.8704,271.6239,10.4728,11.5,10.0,299P,MPC101100
2019,3,30.7253,5.769965,0.04473,49.4437,312.377,9.3667,4.0,10.0,29P,MPEC 2021-S45
2019,12,8.5549,2.006548,3.356636,209.1251,308.148,44.0527,11.0,10.0,2I,MPEC 2020-K19
2020,6,26.9296,0.334314,0.849269,186.63,334.5141,11.8056,11.5,15.0,2P,MPEC 2021-S45
2023,4,11.0132,0.8320780000000001,0.691801,222.9059,95.6508,5.6746,16.0,10.0,300P,MPC114609
2028,5,26.6987,2.380847,0.5851649999999999,193.6752,351.1745,10.3395,13.0,10.0,301P,MPC 89014
2025,3,7.452,3.290971,0.23026300000000002,208.2957,121.7529,6.0341,12.5,10.0,302P,MPEC 2020-HN5
2026,2,18.6411,2.4688,0.510795,356.9044,347.9724,7.0218,13.5,10.0,303P,MPC 92278
2020,8,12.4568,1.258265,0.6006229999999999,335.2358,58.9245,2.6068,16.5,10.0,304P,MPEC 2020-N08
2024,11,17.3548,1.4231610000000001,0.693498,147.3044,240.11,11.6541,18.0,10.0,305P,MPC101100
2020,1,22.9926,1.27014,0.5933390000000001,0.8514,341.3724,8.3116,19.0,10.0,306P,MPC 92278
2014,12,22.0617,1.8825020000000001,0.67498,222.1264,158.1615,4.435,15.0,10.0,307P,MPC 92278
2015,5,7.1618,4.200954,0.363749,333.5901,63.0714,4.8516,13.0,5.0,308P,MPC109148
2024,3,29.488,1.671059,0.617792,49.9428,10.1457,17.0237,15.0,10.0,309P,MPC 94284
2024,8,14.2321,1.7616349999999998,0.523777,9.6375,118.2577,8.213,9.5,15.0,30P,MPC110085
2023,10,24.532,2.4156169999999997,0.421965,31.8056,8.925,13.1278,13.5,10.0,310P,MPC 98566
2020,10,7.3756,1.935718,0.11558299999999999,144.5508,279.2219,4.9694,17.0,10.0,311P,MPEC 2021-BE3
2020,9,25.0815,1.9836740000000002,0.427888,207.5703,144.6686,19.7686,16.0,10.0,312P,MPEC 2021-BE3
2020,4,15.6086,2.419523,0.23504499999999998,254.7243,105.9732,10.9821,15.0,10.0,313P,MPEC 2021-S45
2016,10,7.533,4.243333,0.416051,214.0823,267.6111,3.981,9.5,10.0,314P,MPC105243
2016,11,27.418,2.3652740000000003,0.521165,65.7152,68.8794,17.7512,11.0,10.0,315P,MPEC 2021-N06
2024,11,17.8604,3.681996,0.156701,193.0334,246.5695,9.8366,13.5,10.0,316P,MPC 92279
2020,9,26.1409,1.273048,0.5704859999999999,334.877,275.5006,11.9501,17.5,10.0,317P,MPEC 2020-C98
2015,10,25.2243,2.434949,0.675311,313.2093,35.564,17.8804,8.5,15.0,318P,MPC102103
2022,3,31.4295,1.189041,0.666617,203.6714,111.3722,15.0948,15.0,10.0,319P,MPC 97499
2019,7,4.4981,3.4239230000000003,0.192129,18.099,114.11,4.5474,13.1,10.0,31P,MPEC 2021-F20
2021,1,17.1299,0.9723940000000001,0.685666,0.777,295.9302,4.9088,20.5,10.0,320P,MPC 96281
2020,1,17.3812,0.045763,0.981116,172.7455,165.0186,20.0885,20.0,10.0,321P,MPC105243
2023,8,21.106,0.050520999999999996,0.9798549999999999,56.8731,351.5266,11.4677,19.0,10.0,322P,MPC102103
2021,1,17.7726,0.039152,0.984841,353.0556,324.3758,5.3384,20.0,10.0,323P,MPEC 2016-Y36
2021,5,5.5946,2.6184830000000003,0.154211,57.6098,270.5964,21.4023,13.0,10.0,324P,MPEC 2021-S45
2022,3,29.1702,1.432375,0.593464,343.6967,257.564,16.6939,14.0,10.0,325P,MPC114609
2023,12,30.635,2.771548,0.317882,278.6051,99.8102,2.4709,13.5,10.0,326P,MPC103849
2022,9,2.4502,1.5561989999999999,0.56311,185.0433,173.9851,36.2512,16.0,10.0,327P,MPC 97499
2024,7,28.0037,1.877491,0.5523279999999999,30.4973,341.6362,17.6734,14.5,10.0,328P,MPC109148
2015,11,29.8432,1.6747990000000001,0.6773520000000001,343.5274,87.6709,21.6776,13.5,10.0,329P,MPC101101
2024,4,21.2397,1.9860229999999999,0.55962,54.5102,55.9377,9.8715,6.5,20.0,32P,MPC 92276
2016,8,25.8161,2.993586,0.548312,188.9339,293.0936,15.6958,12.0,10.0,330P,MPC105243
2020,10,1.0364,2.881327,0.041046,184.0384,216.7682,9.7379,12.0,10.0,331P,MPEC 2021-BE3
2021,8,18.4107,1.577129,0.48946300000000004,152.3372,3.7859,9.3801,18.0,10.0,332P,MPEC 2016-K18
2016,3,17.165,1.572891,0.48970699999999995,152.3711,3.8028,9.3805,19.0,10.0,332P-B,MPEC 2016-EI8
2021,8,18.3327,1.577094,0.489468,152.3285,3.7863,9.3792,16.5,10.0,332P-C,MPEC 2016-K18
2016,3,17.2819,1.572064,0.489778,152.4393,3.7923,9.3761,19.0,10.0,332P-D,MPEC 2016-ED0
2016,3,17.061,1.5731389999999998,0.48922,152.2825,3.8228,9.3774,21.0,10.0,332P-E,MPEC 2016-ED0
2016,3,17.8554,1.584174,0.49918900000000005,152.8203,3.4757,9.5293,21.0,10.0,332P-F,MPEC 2016-ED0
2016,3,19.5375,1.549652,0.492004,154.4,3.6955,9.2523,19.0,10.0,332P-G,MPEC 2016-ED0
2021,8,18.6909,1.57708,0.48950299999999997,152.3292,3.7861,9.3797,19.0,10.0,332P-H,MPC100285
2016,3,17.3515,1.573073,0.489555,152.3297,3.8048,9.3791,20.5,5.0,332P-I,MPEC 2016-ED0
2016,3,17.7739,1.575357,0.49429399999999996,152.7712,3.6729,9.4296,20.5,5.0,332P-J,MPEC 2016-EI8
2024,11,29.1876,1.110809,0.736749,25.9964,115.6277,131.9824,15.0,10.0,333P,MPEC 2020-L06
2017,6,6.0809,4.4372940000000005,0.351169,90.1052,90.6563,20.422,10.5,10.0,334P,MPC115888
2022,8,12.0156,1.624232,0.545978,162.2919,330.8474,7.2934,17.0,10.0,335P,MPC100285
2017,2,1.9573,2.7945849999999997,0.444792,308.7619,298.2365,17.8329,13.5,10.0,336P,MPC105244
2022,7,1.1259,1.654088,0.49672,161.0143,106.0664,15.3713,17.0,10.0,337P,MPEC 2021-N06
2024,8,2.8891,2.292307,0.41168299999999997,4.4141,9.7939,25.3831,12.0,10.0,338P,MPC104796
2023,8,31.1054,1.3477459999999999,0.6354770000000001,27.5059,172.7268,5.7334,17.0,10.0,339P,MPC101101
2024,11,12.3534,2.240464,0.451646,20.5298,66.3186,22.2997,10.0,30.0,33P,MPEC 2013-O31
2025,8,27.5284,3.056996,0.28084899999999996,35.887,291.7128,2.079,14.3,10.0,340P,MPC133426
2025,4,21.771,2.5085189999999997,0.41563199999999995,312.1836,29.9734,3.7963,12.5,10.0,341P,MPEC 2021-BE3
2021,10,19.3009,0.052432000000000006,0.982768,73.2652,27.7068,11.6663,9.0,10.0,342P,MPC101101
2017,1,28.9116,2.268423,0.584499,137.3888,257.1852,5.5856,14.0,10.0,343P,MPC109148
2016,11,1.2346,2.810445,0.422253,140.3795,273.1622,3.4915,13.0,10.0,344P,MPC109148
2024,8,29.5846,3.144495,0.22123099999999998,196.4372,154.5096,2.7273,12.0,10.0,345P,MPC109148
2017,2,13.3012,2.226252,0.502533,335.9623,102.463,22.189,14.0,10.0,346P,MPC110086
2023,7,20.03,2.21409,0.385914,98.3623,261.0256,11.7508,15.0,10.0,347P,MPC108599
2022,2,12.496,2.18391,0.306707,135.6537,312.9404,17.7404,14.0,10.0,348P,MPEC 2020-SI8
2024,5,27.6188,2.506049,0.298782,256.0263,331.7427,5.4909,14.0,10.0,349P,MPC112394
2017,12,13.7292,3.7137260000000003,0.091916,139.9728,65.3191,7.3588,14.0,10.0,350P,MPC111775
2025,3,25.9125,3.125536,0.295705,352.6808,283.4461,12.7861,12.5,10.0,351P,MPC105244
2017,6,22.7706,2.534638,0.618242,309.2312,28.0443,21.0099,11.5,10.0,352P,MPC110086
2017,12,22.28,2.2095029999999998,0.47027399999999997,230.3978,121.5584,28.4223,14.5,10.0,353P,MPEC 2020-AA5
2020,4,27.0936,2.001602,0.125698,132.9103,320.1291,5.2556,15.5,10.0,354P,MPC105545
2024,4,1.7106,1.709955,0.507402,336.2606,51.4302,11.0417,15.5,5.0,355P,MPEC 2020-AA5
2017,12,17.8291,2.6814139999999997,0.355267,225.9873,160.7972,9.6379,14.0,10.0,356P,MPEC 2021-F20
2018,5,29.2664,2.519614,0.435041,1.3872,44.5645,6.3128,15.5,10.0,357P,MPC114609
2023,11,11.3085,2.396248,0.238616,299.7396,85.7046,11.0586,18.0,10.0,358P,MPEC 2020-HN5
2017,8,22.0815,3.135443,0.324201,200.1787,149.7558,10.2676,13.5,10.0,359P,MPC110086
2092,1,5.763999999999999,0.7442300000000001,0.9739399999999999,28.965,356.681,65.192,9.0,10.0,35P,15
2024,10,3.432,1.854313,0.49906999999999996,354.1398,2.1905,24.1088,19.5,15.0,360P,MPC108599
2018,7,2.3671,2.7737220000000002,0.43826000000000004,219.0311,203.2507,13.8955,12.0,10.0,361P,MPC114609
2024,7,20.5568,2.861014,0.27925,53.699,192.5593,15.5562,12.9,5.0,362P,MPEC 2017-V13
2024,11,11.616,1.6938520000000001,0.523594,341.2358,146.8874,5.4098,17.5,10.0,363P,MPC114609
2023,5,13.9138,0.800245,0.722082,212.0151,46.1799,12.1378,17.0,5.0,364P,MPEC 2021-F20
2023,10,10.3591,1.337385,0.5785,66.5488,87.0721,9.8213,17.0,10.0,365P,MPC111775
2018,7,20.3321,2.278876,0.348148,153.1247,70.7608,8.8584,15.0,10.0,366P,MPC114610
2025,1,12.4448,2.524127,0.28008099999999997,172.8948,58.7218,8.4616,17.5,5.0,367P,MPC112395
2018,9,14.8503,2.064184,0.62655,118.8083,257.9257,15.481,14.0,10.0,368P,MPC114610
2018,10,15.3078,1.9522970000000002,0.554634,13.1669,47.2924,10.3165,15.0,10.0,369P,MPC114610
2020,6,1.1188,3.022068,0.268965,200.8773,181.8482,9.9518,8.5,15.0,36P,MPEC 2021-S45
2018,6,9.7633,2.4786479999999997,0.614775,356.6787,55.1049,19.409,13.0,10.0,370P,MPEC 2021-F20
2018,10,5.2032,2.187369,0.476815,308.476,67.2875,17.3785,16.0,10.0,371P,MPC114610
2018,10,22.5706,3.8170269999999995,0.152754,27.3742,325.8157,9.5101,13.5,10.0,372P,MPEC 2020-K19
2019,4,8.7134,2.311132,0.392281,221.0721,231.9491,13.7634,14.5,10.0,373P,MPEC 2021-F20
2019,1,10.8437,2.671964,0.46269899999999997,51.4695,7.9126,10.7652,14.0,10.0,374P,MPC114610
2018,12,20.8646,1.8967060000000002,0.6585449999999999,119.4352,359.9493,17.3614,16.0,10.0,375P,MPEC 2021-F20
2019,9,26.1732,2.810131,0.517125,284.6389,314.6928,1.1881,12.5,10.0,376P,MPEC 2021-S45
2020,7,12.0713,5.017591,0.25215,355.0523,226.0618,9.0236,9.5,10.0,377P,MPEC 2021-N06
2020,10,19.0273,3.377308,0.469829,193.8477,94.3452,19.0489,12.0,10.0,378P,MPEC 2021-S45
2019,8,1.1624,2.320389,0.340563,30.8784,183.8217,12.4308,15.0,10.0,379P,MPC115889
2024,10,10.548,1.613538,0.533721,330.1218,314.5604,8.9572,13.8,10.0,37P,MPEC 2021-F20
2019,5,31.8832,2.991604,0.334267,87.8281,132.9527,8.2762,12.5,10.0,380P,MPEC 2020-KB7
2019,9,27.1148,2.266913,0.681913,173.1941,173.7641,28.3771,17.5,5.0,381P,MPEC 2021-J28
2022,3,8.449,4.41371,0.316619,172.7251,174.326,8.0377,8.0,10.0,382P,MPEC 2021-S45
2019,10,26.3834,1.419576,0.599629,133.7038,207.856,12.3219,18.0,10.0,383P,MPC118844
2019,10,11.6311,1.114695,0.615733,37.6157,354.2302,7.2844,19.5,10.0,384P,MPEC 2021-S45
2019,9,14.9488,2.5660819999999998,0.40161199999999997,44.3202,357.0607,16.8312,13.0,10.0,385P,MPEC 2021-F20
2020,8,19.1966,2.3676470000000003,0.416235,353.1994,134.9478,15.2296,14.5,10.0,386P,MPEC 2021-L04
2019,9,6.2992,1.265576,0.736224,162.7696,259.3058,8.9203,15.0,10.0,387P,MPEC 2021-J28
2019,7,23.5942,2.002353,0.618102,42.3432,37.0418,23.8729,13.0,10.0,388P,MPEC 2021-S45
2019,12,29.2145,1.66439,0.7042970000000001,249.3297,218.8558,160.0725,16.0,10.0,389P,MPEC 2021-J28
2018,11,11.0527,1.584203,0.859024,359.503,77.959,18.3652,3.5,30.0,38P,MPEC 2018-S50
2020,3,22.3481,1.6995169999999997,0.70722,232.3539,152.2748,18.5624,12.0,10.0,390P,MPEC 2021-S45
2018,3,21.7511,4.11581,0.12055899999999999,187.0837,124.7321,21.2754,8.0,10.0,391P,MPEC 2021-F20
2020,3,31.7767,1.9489029999999998,0.6828,71.9419,24.8818,4.9309,14.5,10.0,392P,MPEC 2021-J28
2019,10,26.5505,4.210173999999999,0.12065,328.3475,36.4114,16.7896,11.0,10.0,393P,MPEC 2021-BE3
2019,11,30.2028,2.738886,0.36772,54.5178,98.1252,8.5294,16.0,6.0,394P,MPEC 2020-KB7
2021,12,30.5379,4.064871,0.37959299999999996,89.8138,223.7094,3.2765,10.0,10.0,395P,MPEC 2021-S45
2019,8,28.2854,3.9814279999999997,0.415799,8.5586,136.6644,5.4363,12.0,10.0,396P,MPEC 2020-KB7
2020,6,19.4452,2.277107,0.40515300000000004,14.4509,8.1991,10.9288,12.0,10.0,397P,MPEC 2021-O56
2020,12,26.7413,1.305408,0.582653,320.2221,127.4614,11.0154,15.5,10.0,398P,MPEC 2021-L04
2021,5,22.5789,2.0960240000000003,0.44696899999999995,214.2976,207.1433,13.3187,15.6,10.0,399P,MPEC 2021-F20
2023,5,27.5708,5.7279599999999995,0.223541,96.3929,299.1161,1.557,7.0,15.0,39P,MPEC 2020-W26
2021,2,10.1267,2.10333,0.40922600000000003,238.798,176.3931,10.9293,15.5,7.0,400P,MPEC 2020-FB5
2019,12,7.1194,2.4246,0.580048,309.3536,359.8816,12.8028,12.5,10.0,401P,MPEC 2021-R75
2021,12,14.5578,3.937875,0.43850900000000004,326.7342,123.0901,30.8524,8.0,10.0,402P,MPEC 2021-S45
2020,9,16.3413,2.6948369999999997,0.503475,277.6568,163.8124,12.3215,12.0,10.0,403P,MPEC 2021-J28
2023,10,1.0174,4.153398,0.13661700000000002,163.9182,261.3785,9.7192,10.0,10.0,404P,MPEC 2021-S45
2020,12,24.3007,1.121734,0.6891229999999999,112.2306,3.3147,9.3655,17.5,10.0,405P,MPEC 2021-L04
2020,9,15.7619,1.637091,0.542045,352.3892,11.4709,1.2135,17.0,10.0,406P,MPEC 2021-F20
2020,2,1.3806,2.131524,0.384374,92.7578,80.7787,4.8883,14.0,10.0,407P,MPEC 2021-F20
2022,10,3.3281,3.469058,0.27072199999999996,226.1811,189.4389,19.3413,11.0,10.0,408P,MPEC 2021-S45
2021,1,28.1452,1.7540169999999997,0.709892,15.1273,143.6716,17.1188,14.0,10.0,409P,MPEC 2021-O56
2025,11,17.8349,1.8344340000000001,0.629617,47.4126,133.7776,11.4692,5.5,30.0,40P,MPC100283
2021,6,23.543,3.247009,0.51052,313.0903,139.9803,9.3938,12.5,10.0,410P,MPEC 2021-F20
2021,1,24.3847,2.43855,0.580805,46.6618,77.668,12.3777,13.5,10.0,411P,MPEC 2021-J28
2020,12,5.3504,1.6177,0.47975,155.9182,0.849,8.9312,17.0,10.0,412P,MPEC 2021-F20
2021,7,20.2181,2.1398919999999997,0.42321800000000004,186.0442,39.0256,15.9785,14.0,10.0,413P,MPEC 2021-O56
2021,1,25.372,0.526384,0.811628,210.7288,257.7893,23.384,19.0,10.0,414P,MPEC 2021-BE3
2021,2,15.0317,3.313872,0.194737,346.236,160.2949,31.7921,12.0,10.0,415P,MPEC 2021-N06
2021,2,15.4302,2.189749,0.45431400000000005,134.5018,355.8124,3.3614,15.5,10.0,416P,MPEC 2021-L04
2021,4,22.205,1.49205,0.554555,129.4747,111.3489,8.1302,16.5,10.0,417P,MPEC 2021-S45
2021,10,17.566,1.702893,0.664783,307.1,277.6578,5.7974,13.0,10.0,418P,MPEC 2021-L04
2021,10,27.46,2.54326,0.27771399999999996,187.5012,40.3898,2.8029,12.5,10.0,419P,MPEC 2021-S45
2022,9,13.4253,1.049827,0.6599659999999999,62.2371,140.9873,9.2209,10.0,40.0,41P,MPC105240
2022,5,22.6851,2.788305,0.495104,157.1252,173.9585,14.503,11.5,10.0,420P,MPEC 2021-S45
2021,1,25.823,1.6466169999999998,0.675584,259.8228,55.3487,10.0803,14.0,10.0,421P,MPEC 2021-L04
2022,1,13.8559,3.105204,0.508626,305.1462,36.0651,39.5322,11.0,10.0,422P,MPEC 2021-S45
2021,9,19.93,5.421004,0.12053499999999999,80.4018,33.313,8.3462,10.0,10.0,423P,MPEC 2021-N06
2021,10,31.634,1.362698,0.691381,312.473,51.1795,8.6853,17.0,10.0,424P,MPEC 2021-S45
2021,9,20.4052,2.890078,0.543357,200.7309,210.088,16.4213,12.0,10.0,425P,MPEC 2021-S45
2021,5,14.6703,1.673987,0.519572,36.8135,299.335,8.5151,15.0,10.0,428P,MPEC 2021-S45
2022,1,2.1149,1.8062369999999999,0.49148800000000004,75.5247,322.075,7.5221,15.5,10.0,429P,MPEC 2021-Q68
2026,1,13.3274,2.0209349999999997,0.585279,147.2266,150.1757,3.9913,13.0,15.0,42P,MPC 94283
2021,12,2.2416,1.554645,0.49958500000000006,94.5067,54.6749,4.4749,16.5,10.0,430P,MPEC 2021-Q69
2022,2,13.3494,1.813706,0.47794200000000003,199.8449,202.8484,22.389,14.0,10.0,431P,MPEC 2021-S45
2021,8,30.6056,2.300919,0.242389,105.3032,239.1509,10.0672,17.0,10.0,432P,MPEC 2021-S45
2025,8,6.5408,2.4349849999999997,0.43577,224.1191,244.137,9.3379,8.0,15.0,43P,MPC102956
2022,4,23.4133,2.112464,0.42750699999999997,58.1239,286.4812,5.8981,8.3,15.0,44P,MPEC 2021-S45
2022,4,25.5478,0.557077,0.817495,327.9123,87.7063,4.3231,13.5,20.0,45P,MPC103849
2024,5,19.9844,1.056395,0.658343,356.3374,82.1571,11.7445,14.0,15.0,46P,MPEC 2021-O56
2025,10,26.7039,2.810453,0.318475,357.6506,356.921,13.0405,12.5,10.0,47P,MPEC 2021-S45
2018,8,12.99,2.004482,0.427436,216.6698,110.122,12.2057,12.4,10.0,48P,MPEC 2021-F20
2018,7,14.1173,1.434245,0.598232,332.9385,118.7975,19.0457,13.4,10.0,49P,MPEC 2021-F20
2021,9,8.8322,1.618858,0.576603,206.9973,192.9314,8.0083,8.0,15.0,4P,MPEC 2021-S45
2024,5,13.2349,1.9253,0.529108,49.3095,355.1771,19.1005,9.5,15.0,50P,MPEC 2015-S97
2022,10,3.9478,1.692798,0.543474,269.2586,83.6763,5.4258,10.0,20.0,51P-A,NK   3014
2022,10,1.7951,1.692607,0.543404,269.2972,83.6612,5.4266,16.0,20.0,51P-D,NK   3013
2021,10,5.1921,1.7772330000000003,0.540087,139.5938,336.8379,10.2317,13.5,15.0,52P,MPEC 2021-S45
2016,4,30.8148,2.4335869999999997,0.551672,134.4925,148.8099,6.6096,7.7,12.0,53P,MPC100283
2024,9,3.6218,2.1755709999999997,0.426138,1.7923,358.8166,6.0645,9.0,10.0,54P,MPC 89011
2031,5,18.5266,0.973217,0.90602,172.496,235.4086,162.4438,9.0,10.0,55P,MPC 31070
2016,7,19.935,2.495148,0.507742,43.9792,345.9964,8.1614,8.5,15.0,56P,MPC101100
2021,10,17.4212,1.7201099999999998,0.500979,115.2624,188.7749,2.8509,12.5,15.0,57P,MPEC 2021-S45
2020,5,27.6135,1.377649,0.662796,200.4897,159.0747,13.1086,15.5,15.0,58P,MPEC 2021-O56
2018,9,16.4816,2.354161,0.475259,127.5202,312.8313,9.3414,7.0,15.0,59P,MPEC 2021-F20
2018,12,9.0107,1.640736,0.534402,216.9728,267.5241,3.5867,11.5,15.0,60P,MPEC 2021-F20
2022,10,24.1903,2.124352,0.42398900000000006,221.8009,162.9739,5.9989,6.0,25.0,61P,MPEC 2015-Q71
2023,12,23.9591,1.2494049999999999,0.627898,47.1801,69.164,4.7477,8.0,25.0,62P,MPC109147
2026,7,12.6633,1.969097,0.648841,169.0801,358.0184,19.7276,10.5,15.0,63P,MPC 84320
2018,11,4.3854,1.3888989999999999,0.68812,97.072,299.987,8.9497,13.4,10.0,64P,MPEC 2021-F20
2025,6,16.1567,2.917769,0.24925,213.8954,62.0133,9.1783,11.2,10.0,65P,MPEC 2021-F20
2018,5,19.0041,1.294848,0.7865989999999999,257.41,21.815,18.6459,15.0,10.0,66P,MPEC 2021-F20
2021,11,2.0611,1.210623,0.649717,22.1315,36.3338,3.8715,11.0,10.0,67P,MPEC 2021-S45
2019,11,9.1684,1.795391,0.637641,153.1619,175.0548,11.1107,10.0,10.0,68P,MPC 75716
2019,3,18.0827,2.280741,0.4132,343.4261,104.8225,22.035,9.5,30.0,69P,MPC114607
2021,9,17.7767,1.354608,0.612811,178.0996,138.9355,19.5124,7.5,40.0,6P,MPEC 2021-S45
2021,11,3.1172,2.009001,0.45371300000000003,1.8295,119.2683,6.5981,11.0,15.0,70P,MPEC 2021-S45
2023,1,21.5941,1.588344,0.493874,209.0609,59.4088,9.4375,9.8,15.0,71P,MPC107051
2023,6,15.9343,0.782263,0.818511,346.6963,26.6941,10.9445,17.5,25.0,72P,MPC 89011
2022,8,25.6773,0.972773,0.685462,199.4764,69.622,11.2281,11.5,15.0,73P,MPC106348
2022,8,27.1772,0.97264,0.685664,199.4579,69.6246,11.2302,11.5,15.0,73P-T,MPC106348
2018,5,17.0884,3.754115,0.140989,114.1917,68.3892,6.0303,5.0,15.0,74P,MPEC 2021-S45
2019,10,26.0462,1.603429,0.538198,359.9568,84.1129,30.4625,15.5,10.0,76P,MPEC 2021-F20
2023,4,3.3399,2.3474720000000002,0.351945,196.8176,14.7757,24.3183,7.0,20.0,77P,MPC100283
2019,4,3.0145,2.0103169999999997,0.462257,192.6327,210.5167,6.2525,5.5,20.0,78P,MPEC 2021-O56
2023,9,30.676,1.121828,0.618822,281.7887,280.5325,3.1479,16.0,10.0,79P,MPC 94675
2021,5,27.111,1.234182,0.638525,172.5969,93.3703,22.3622,10.0,15.0,7P,MPEC 2021-S45
2022,12,8.8478,1.614832,0.598731,339.2513,259.8116,29.9268,9.0,10.0,80P,MPEC 2014-P41
2022,12,15.7032,1.59818,0.537049,41.6678,136.0961,3.2368,7.0,15.0,81P,MPEC 2021-S45
2018,6,24.3048,3.631568,0.12171300000000002,226.5931,239.3095,1.1288,15.0,10.0,82P,MPC133426
2020,6,3.9079,1.718521,0.515807,281.5754,108.1709,7.5515,9.5,20.0,84P,MPEC 2020-FB5
2022,2,7.5795,2.260681,0.372314,179.398,72.357,15.4747,11.0,15.0,86P,MPC109147
2020,5,10.7873,2.100668,0.391154,25.5483,181.5853,2.6161,7.2,25.0,87P,MPEC 2020-SI8
2020,9,26.558,1.353307,0.564182,235.9055,56.6798,4.3834,11.0,15.0,88P,MPEC 2021-S45
2024,3,26.1482,2.2203209999999998,0.408522,250.365,41.3699,12.0695,11.5,15.0,89P,MPC100283
2021,8,27.7352,1.0260129999999998,0.820258,207.4863,270.2037,54.9107,8.0,20.0,8P,MPEC 2021-S45
2017,6,19.7388,2.9634080000000003,0.5103439999999999,29.0544,13.2048,9.6487,8.5,15.0,90P,MPC107051
2020,11,9.9347,2.6046869999999998,0.331712,354.9865,247.7661,14.0802,7.5,15.0,91P,MPEC 2021-S45
2027,7,12.411,1.811506,0.661017,163.7642,181.3652,19.5013,12.0,15.0,92P,MPEC 2014-J58
2026,5,3.8782,1.696806,0.612795,74.8041,339.6504,12.2037,9.0,10.0,93P,NK   2707
2023,5,21.3225,2.227383,0.36498,92.4517,70.8583,6.188,9.0,15.0,94P,MPEC 2021-S45
2046,10,4.4699,8.539578,0.37687600000000004,339.67,209.2822,6.9273,6.5,5.0,95P,MPC 75717
2023,1,31.1602,0.116374,0.961576,14.7457,93.9765,57.5425,9.0,10.0,96P,MPEC 2017-T14
2022,2,15.5133,2.570589,0.46004799999999996,229.9524,184.0779,17.9519,5.5,15.0,97P,MPEC 2021-S45
2021,1,4.8534,1.662339,0.562353,157.8751,114.7024,10.5601,9.0,20.0,98P,MPEC 2013-H38
2022,4,12.9136,4.7060010000000005,0.22952199999999998,174.9618,28.1032,4.3392,4.5,15.0,99P,MPEC 2021-S45
2022,3,4.9421,1.544225,0.509217,179.3445,68.7165,10.4697,12.5,10.0,9P,MPEC 2021-F20
